8f1b03da-34b4-470c-9079-aa8f4f77e61f,0,0.258750842
4e5d3444-3f3b-4fff-a63d-d76d377c4e7c,0,0.255927131
6f9de6df-9ec4-47e9-80ea-329ecaa141fc,0,0.301050012
2f23d83e-bd61-479f-a6c3-fe6db0b63c42,0,0.300842907
6d05d656-eff4-4411-a02b-cf3dd1b05e97,0,0.311310998
24ea96ff-c35f-4709-a914-ed9176e846f7,0,0.321644406
6bf9b0a5-c59d-4959-ba71-37d460bf37c0,0,0.351841324
3c142dca-acaa-41b0-88ea-55891a8e4957,0,0.268494516
30462d4b-5312-4d15-8fda-5d4f417170ee,0,0.324521668
2c3ceae4-7eb8-4084-a0ef-2ea19d238adf,0,0.352600369
7d5d2f06-ac9e-4f25-9b18-c9bd1a652bfa,0,0.295058307
9cb0f399-c9b2-42a0-b417-e019c62b7efb,0,0.299014419
6d2ed5e4-5409-40f7-a781-ae628fbdbe07,0,0.352532572
ce808cdc-a2a2-4631-81cb-c88255ebb8ab,0,0.294786894
ecd736b5-1839-490e-9a9e-f85cba52f7c8,0,0.326130665
b844ab01-0cef-4eee-ba95-d79bfd522fb7,0,0.312889071
623badc8-ee37-4103-a89f-cff2e4920d61,0,0.27727662
1c2d2ba8-27e5-4daa-9328-c58b622938a1,0,0.335744468
dcd62f96-e7c5-4199-a320-3aea5f68d062,0,0.261547073
d1c00cd6-d9f0-4511-a56d-e916dcbbd1e1,0,0.351144096
607ea617-d8dc-4b46-b884-0908c0d1798b,0,0.297122354
2dd81c95-deee-47f0-8527-7fe2496f25f0,0,0.351539714
d1ab88ec-4db0-4d49-b490-cff306e8b029,0,0.351430531
14acc812-ab22-4199-89fa-8e2a56b5198e,0,0.347439758
b8725bd2-6b8f-44be-89ad-23c6968bba09,0,0.41835541
15e60167-b3ff-4cc8-9878-4131f28e6ed9,0,0.382081629
fdc1ba96-4175-4ae8-88cf-90d35706108a,0,0.375862183
246ac353-fc54-471f-b642-cc31c3736779,0,0.378470563
20d8304f-25d9-4846-b59a-646b4ecf09ca,0,0.380669657
4cdeb603-ccf0-4f88-9884-f6aa60007f4d,0,0.391063145
67c3332b-6fd6-4ead-b001-4d9f3b54e53a,0,0.389448621
d2bf3d99-5ff9-48a3-a0dc-e5ad00f44dc8,0,0.4071617
62a2af47-fa10-4ae9-9dcd-042660ef8821,0,0.401418846
0aca8a14-e10c-4159-83c6-64417b67e53e,0,0.329637394
a01150e2-f806-439d-bf00-0535311e0bf5,0,0.421650499
6edb8939-d15c-49ff-af72-98d34c6c3beb,0,0.391427389
a51ebc91-1745-4f0a-a7f8-8a24b2742fae,0,0.479459214
e1724523-9fdb-4d8f-9e83-3f4d4e784666,0,0.446232241
52fcdf60-d341-46c3-8259-21a94affe5fa,0,0.402441456
b7e96b24-14d2-4a88-b48c-e1ba811d704a,0,0.517515668
9c4890dd-cdd2-4be7-9890-c452b903c5ef,0,0.518284237
d4d4bdf2-ef80-48e7-ae29-28ed909a7bcb,0,0.517265437
000e833b-951f-4d64-92bd-5f85abbec1f8,0,0.516445907
356924f3-f54c-4150-a4fe-ee208ae28590,0,0.484649365
5c3618f1-ce98-4024-afd8-bcf6c63d8792,0,0.496191773
5c89ffcb-8dd6-481f-b2e7-e881714cf35d,0,0.495563272
1a5d8641-7cb6-42f0-9c46-bfb76488bb57,0,0.505914385
db45e39d-fb33-49d2-a497-d74acf5cbc64,0,0.501460548
d0539de6-d0c7-4458-9685-22a1e4b2ed14,0,0.502299896
21159f6b-c26e-4575-8fdb-2abec049e3c8,0,0.520161418
b57c85ba-4713-4a8c-85d5-1ca5b6085fb0,0,0.51706691
9ef6a81f-9acc-4431-bb8d-c22992d2d5db,0,0.523788801
ed8588ca-7b29-4765-9d35-7e6e262db07b,0,0.520303679
cf5f7637-c72c-4e8d-94fa-aa809cb23be1,0,0.519510095
43ad9f6b-22f0-48d5-a4b7-ce4089e252d3,0,0.507863443
39f02c32-1f2a-4d0c-b758-91e67213b379,0,0.506176365
5cd12c1c-423b-44f4-b9af-b5c5af9509ad,0,0.507923903
0a473ebc-03a0-429b-82e3-0b5374a26842,0,0.511628459
b3992e32-bb30-46c7-89ea-e43f8d37737c,0,0.511384451
930fd7ab-a8f2-4205-b561-966f8cbdd817,0,0.522354107
f5f4847e-2369-49b1-9d32-6116d6b87b9b,0,0.525056586
5cc8ff85-c2b6-4c7a-9b21-19ffad75130c,0,0.563674634
e991ce93-213c-49df-b4f2-0cd7b13444d8,0,0.527650696
b09dae70-4cec-4251-85a6-08235af8ff5f,0,0.529701299
2f23d83e-bd61-479f-a6c3-fe6db0b63c42,1,0.026182074
6f9de6df-9ec4-47e9-80ea-329ecaa141fc,1,0.029576949
4e5d3444-3f3b-4fff-a63d-d76d377c4e7c,1,0.032406281
6d05d656-eff4-4411-a02b-cf3dd1b05e97,1,0.022503326
8f1b03da-34b4-470c-9079-aa8f4f77e61f,1,0.04002985
3c142dca-acaa-41b0-88ea-55891a8e4957,1,0.038477527
30462d4b-5312-4d15-8fda-5d4f417170ee,1,0.037951323
6bf9b0a5-c59d-4959-ba71-37d460bf37c0,1,0.043924299
24ea96ff-c35f-4709-a914-ed9176e846f7,1,0.047794755
6d2ed5e4-5409-40f7-a781-ae628fbdbe07,1,0.035952386
2c3ceae4-7eb8-4084-a0ef-2ea19d238adf,1,0.039130147
7d5d2f06-ac9e-4f25-9b18-c9bd1a652bfa,1,0.039992007
ce808cdc-a2a2-4631-81cb-c88255ebb8ab,1,0.043449091
9cb0f399-c9b2-42a0-b417-e019c62b7efb,1,0.045803637
dcd62f96-e7c5-4199-a320-3aea5f68d062,1,0.036693926
623badc8-ee37-4103-a89f-cff2e4920d61,1,0.040605226
ecd736b5-1839-490e-9a9e-f85cba52f7c8,1,0.045705102
1c2d2ba8-27e5-4daa-9328-c58b622938a1,1,0.042732047
b844ab01-0cef-4eee-ba95-d79bfd522fb7,1,0.046548787
14acc812-ab22-4199-89fa-8e2a56b5198e,1,0.038949891
2dd81c95-deee-47f0-8527-7fe2496f25f0,1,0.042687165
d1c00cd6-d9f0-4511-a56d-e916dcbbd1e1,1,0.048329696
d1ab88ec-4db0-4d49-b490-cff306e8b029,1,0.049252359
607ea617-d8dc-4b46-b884-0908c0d1798b,1,0.053938117
b8725bd2-6b8f-44be-89ad-23c6968bba09,1,0.04625391
20d8304f-25d9-4846-b59a-646b4ecf09ca,1,0.038987458
246ac353-fc54-471f-b642-cc31c3736779,1,0.044118313
15e60167-b3ff-4cc8-9878-4131f28e6ed9,1,0.051218981
fdc1ba96-4175-4ae8-88cf-90d35706108a,1,0.046705784
62a2af47-fa10-4ae9-9dcd-042660ef8821,1,0.042979279
4cdeb603-ccf0-4f88-9884-f6aa60007f4d,1,0.051939026
67c3332b-6fd6-4ead-b001-4d9f3b54e53a,1,0.049240192
0aca8a14-e10c-4159-83c6-64417b67e53e,1,0.043845803
d2bf3d99-5ff9-48a3-a0dc-e5ad00f44dc8,1,0.083595451
a51ebc91-1745-4f0a-a7f8-8a24b2742fae,1,0.066410447
6edb8939-d15c-49ff-af72-98d34c6c3beb,1,0.071187385
e1724523-9fdb-4d8f-9e83-3f4d4e784666,1,0.064013224
52fcdf60-d341-46c3-8259-21a94affe5fa,1,0.055066529
a01150e2-f806-439d-bf00-0535311e0bf5,1,0.083150105
000e833b-951f-4d64-92bd-5f85abbec1f8,1,0.046230433
b7e96b24-14d2-4a88-b48c-e1ba811d704a,1,0.0543601
d4d4bdf2-ef80-48e7-ae29-28ed909a7bcb,1,0.054494335
9c4890dd-cdd2-4be7-9890-c452b903c5ef,1,0.060116713
356924f3-f54c-4150-a4fe-ee208ae28590,1,0.061326218
1a5d8641-7cb6-42f0-9c46-bfb76488bb57,1,0.042317469
5c3618f1-ce98-4024-afd8-bcf6c63d8792,1,0.057337743
d0539de6-d0c7-4458-9685-22a1e4b2ed14,1,0.0450369
5c89ffcb-8dd6-481f-b2e7-e881714cf35d,1,0.054835944
db45e39d-fb33-49d2-a497-d74acf5cbc64,1,0.046732321
ed8588ca-7b29-4765-9d35-7e6e262db07b,1,0.035061229
b57c85ba-4713-4a8c-85d5-1ca5b6085fb0,1,0.040034848
43ad9f6b-22f0-48d5-a4b7-ce4089e252d3,1,0.024362795
9ef6a81f-9acc-4431-bb8d-c22992d2d5db,1,0.048130274
cf5f7637-c72c-4e8d-94fa-aa809cb23be1,1,0.050886339
5cd12c1c-423b-44f4-b9af-b5c5af9509ad,1,0.030684128
21159f6b-c26e-4575-8fdb-2abec049e3c8,1,0.06290073
0a473ebc-03a0-429b-82e3-0b5374a26842,1,0.031647548
b3992e32-bb30-46c7-89ea-e43f8d37737c,1,0.034872249
39f02c32-1f2a-4d0c-b758-91e67213b379,1,0.038052817
5cc8ff85-c2b6-4c7a-9b21-19ffad75130c,1,0.020720526
930fd7ab-a8f2-4205-b561-966f8cbdd817,1,0.032088616
e991ce93-213c-49df-b4f2-0cd7b13444d8,1,0.013820855
b09dae70-4cec-4251-85a6-08235af8ff5f,1,0.025938806
f5f4847e-2369-49b1-9d32-6116d6b87b9b,1,0.029579374
2f23d83e-bd61-479f-a6c3-fe6db0b63c42,2,0.040124552
6d05d656-eff4-4411-a02b-cf3dd1b05e97,2,0.035405555
6f9de6df-9ec4-47e9-80ea-329ecaa141fc,2,0.043154408
8f1b03da-34b4-470c-9079-aa8f4f77e61f,2,0.038108521
4e5d3444-3f3b-4fff-a63d-d76d377c4e7c,2,0.043735628
6bf9b0a5-c59d-4959-ba71-37d460bf37c0,2,0.043824871
24ea96ff-c35f-4709-a914-ed9176e846f7,2,0.044282382
30462d4b-5312-4d15-8fda-5d4f417170ee,2,0.052736958
6d2ed5e4-5409-40f7-a781-ae628fbdbe07,2,0.033852996
3c142dca-acaa-41b0-88ea-55891a8e4957,2,0.061442967
ce808cdc-a2a2-4631-81cb-c88255ebb8ab,2,0.054020327
7d5d2f06-ac9e-4f25-9b18-c9bd1a652bfa,2,0.062203698
2c3ceae4-7eb8-4084-a0ef-2ea19d238adf,2,0.067627587
9cb0f399-c9b2-42a0-b417-e019c62b7efb,2,0.057661019
1c2d2ba8-27e5-4daa-9328-c58b622938a1,2,0.037489093
ecd736b5-1839-490e-9a9e-f85cba52f7c8,2,0.079099259
b844ab01-0cef-4eee-ba95-d79bfd522fb7,2,0.078617974
623badc8-ee37-4103-a89f-cff2e4920d61,2,0.086147462
14acc812-ab22-4199-89fa-8e2a56b5198e,2,0.067123546
dcd62f96-e7c5-4199-a320-3aea5f68d062,2,0.095253938
2dd81c95-deee-47f0-8527-7fe2496f25f0,2,0.086831113
b8725bd2-6b8f-44be-89ad-23c6968bba09,2,0.064283958
d1ab88ec-4db0-4d49-b490-cff306e8b029,2,0.076231959
d1c00cd6-d9f0-4511-a56d-e916dcbbd1e1,2,0.089819549
607ea617-d8dc-4b46-b884-0908c0d1798b,2,0.085739688
15e60167-b3ff-4cc8-9878-4131f28e6ed9,2,0.077001214
246ac353-fc54-471f-b642-cc31c3736779,2,0.0839833
20d8304f-25d9-4846-b59a-646b4ecf09ca,2,0.089096667
fdc1ba96-4175-4ae8-88cf-90d35706108a,2,0.085129919
4cdeb603-ccf0-4f88-9884-f6aa60007f4d,2,0.066633072
67c3332b-6fd6-4ead-b001-4d9f3b54e53a,2,0.082828345
d2bf3d99-5ff9-48a3-a0dc-e5ad00f44dc8,2,0.051193287
0aca8a14-e10c-4159-83c6-64417b67e53e,2,0.088139204
a51ebc91-1745-4f0a-a7f8-8a24b2742fae,2,0.042368711
62a2af47-fa10-4ae9-9dcd-042660ef8821,2,0.092959203
52fcdf60-d341-46c3-8259-21a94affe5fa,2,0.056598345
a01150e2-f806-439d-bf00-0535311e0bf5,2,0.050779853
e1724523-9fdb-4d8f-9e83-3f4d4e784666,2,0.06164549
6edb8939-d15c-49ff-af72-98d34c6c3beb,2,0.06572225
000e833b-951f-4d64-92bd-5f85abbec1f8,2,0.050742835
d4d4bdf2-ef80-48e7-ae29-28ed909a7bcb,2,0.044762724
1a5d8641-7cb6-42f0-9c46-bfb76488bb57,2,0.032636572
9c4890dd-cdd2-4be7-9890-c452b903c5ef,2,0.04548814
356924f3-f54c-4150-a4fe-ee208ae28590,2,0.039510678
b7e96b24-14d2-4a88-b48c-e1ba811d704a,2,0.057132068
d0539de6-d0c7-4458-9685-22a1e4b2ed14,2,0.032440056
ed8588ca-7b29-4765-9d35-7e6e262db07b,2,0.022369291
5c3618f1-ce98-4024-afd8-bcf6c63d8792,2,0.039672024
5c89ffcb-8dd6-481f-b2e7-e881714cf35d,2,0.037498229
db45e39d-fb33-49d2-a497-d74acf5cbc64,2,0.040458581
43ad9f6b-22f0-48d5-a4b7-ce4089e252d3,2,0.020671226
5cd12c1c-423b-44f4-b9af-b5c5af9509ad,2,0.015345417
b57c85ba-4713-4a8c-85d5-1ca5b6085fb0,2,0.032900534
cf5f7637-c72c-4e8d-94fa-aa809cb23be1,2,0.019559603
9ef6a81f-9acc-4431-bb8d-c22992d2d5db,2,0.024928106
0a473ebc-03a0-429b-82e3-0b5374a26842,2,0.0265203
5cc8ff85-c2b6-4c7a-9b21-19ffad75130c,2,0.018681124
39f02c32-1f2a-4d0c-b758-91e67213b379,2,0.026829576
b3992e32-bb30-46c7-89ea-e43f8d37737c,2,0.029062503
21159f6b-c26e-4575-8fdb-2abec049e3c8,2,0.03481072
f5f4847e-2369-49b1-9d32-6116d6b87b9b,2,0.016146544
e991ce93-213c-49df-b4f2-0cd7b13444d8,2,0.020661335
930fd7ab-a8f2-4205-b561-966f8cbdd817,2,0.023693564
b09dae70-4cec-4251-85a6-08235af8ff5f,2,0.02081345
6d05d656-eff4-4411-a02b-cf3dd1b05e97,3,0.010541867
4e5d3444-3f3b-4fff-a63d-d76d377c4e7c,3,0.007846843
2f23d83e-bd61-479f-a6c3-fe6db0b63c42,3,0.019932564
6f9de6df-9ec4-47e9-80ea-329ecaa141fc,3,0.015897595
8f1b03da-34b4-470c-9079-aa8f4f77e61f,3,0.013509376
24ea96ff-c35f-4709-a914-ed9176e846f7,3,0.007861342
6d2ed5e4-5409-40f7-a781-ae628fbdbe07,3,0.006843402
6bf9b0a5-c59d-4959-ba71-37d460bf37c0,3,0.018708391
30462d4b-5312-4d15-8fda-5d4f417170ee,3,0.012660922
3c142dca-acaa-41b0-88ea-55891a8e4957,3,0.00665813
2c3ceae4-7eb8-4084-a0ef-2ea19d238adf,3,0.01178151
1c2d2ba8-27e5-4daa-9328-c58b622938a1,3,0.008509967
9cb0f399-c9b2-42a0-b417-e019c62b7efb,3,0.015351471
ce808cdc-a2a2-4631-81cb-c88255ebb8ab,3,0.023872602
7d5d2f06-ac9e-4f25-9b18-c9bd1a652bfa,3,0.022278204
ecd736b5-1839-490e-9a9e-f85cba52f7c8,3,0.008235687
623badc8-ee37-4103-a89f-cff2e4920d61,3,0.00961412
b844ab01-0cef-4eee-ba95-d79bfd522fb7,3,0.011945954
14acc812-ab22-4199-89fa-8e2a56b5198e,3,0.008055668
dcd62f96-e7c5-4199-a320-3aea5f68d062,3,0.009707446
2dd81c95-deee-47f0-8527-7fe2496f25f0,3,0.008000827
b8725bd2-6b8f-44be-89ad-23c6968bba09,3,0.013836492
d1ab88ec-4db0-4d49-b490-cff306e8b029,3,0.014872724
d1c00cd6-d9f0-4511-a56d-e916dcbbd1e1,3,0.017019091
607ea617-d8dc-4b46-b884-0908c0d1798b,3,0.016265671
15e60167-b3ff-4cc8-9878-4131f28e6ed9,3,0.007722746
20d8304f-25d9-4846-b59a-646b4ecf09ca,3,0.016283912
4cdeb603-ccf0-4f88-9884-f6aa60007f4d,3,0.014653423
246ac353-fc54-471f-b642-cc31c3736779,3,0.022819705
fdc1ba96-4175-4ae8-88cf-90d35706108a,3,0.01798631
d2bf3d99-5ff9-48a3-a0dc-e5ad00f44dc8,3,0.006671379
67c3332b-6fd6-4ead-b001-4d9f3b54e53a,3,0.010968213
a51ebc91-1745-4f0a-a7f8-8a24b2742fae,3,0.006500758
0aca8a14-e10c-4159-83c6-64417b67e53e,3,0.011249123
62a2af47-fa10-4ae9-9dcd-042660ef8821,3,0.009642935
52fcdf60-d341-46c3-8259-21a94affe5fa,3,0.007274864
6edb8939-d15c-49ff-af72-98d34c6c3beb,3,0.007276414
e1724523-9fdb-4d8f-9e83-3f4d4e784666,3,0.014200993
000e833b-951f-4d64-92bd-5f85abbec1f8,3,0.015981192
a01150e2-f806-439d-bf00-0535311e0bf5,3,0.022853602
d4d4bdf2-ef80-48e7-ae29-28ed909a7bcb,3,0.016357775
356924f3-f54c-4150-a4fe-ee208ae28590,3,0.017466835
1a5d8641-7cb6-42f0-9c46-bfb76488bb57,3,0.02595583
b7e96b24-14d2-4a88-b48c-e1ba811d704a,3,0.024099889
9c4890dd-cdd2-4be7-9890-c452b903c5ef,3,0.030437292
d0539de6-d0c7-4458-9685-22a1e4b2ed14,3,0.026027859
db45e39d-fb33-49d2-a497-d74acf5cbc64,3,0.018562589
5c89ffcb-8dd6-481f-b2e7-e881714cf35d,3,0.021232593
43ad9f6b-22f0-48d5-a4b7-ce4089e252d3,3,0.025366595
ed8588ca-7b29-4765-9d35-7e6e262db07b,3,0.037180081
b57c85ba-4713-4a8c-85d5-1ca5b6085fb0,3,0.024455828
5c3618f1-ce98-4024-afd8-bcf6c63d8792,3,0.038112952
5cd12c1c-423b-44f4-b9af-b5c5af9509ad,3,0.027830194
9ef6a81f-9acc-4431-bb8d-c22992d2d5db,3,0.028267387
5cc8ff85-c2b6-4c7a-9b21-19ffad75130c,3,0.020231745
b3992e32-bb30-46c7-89ea-e43f8d37737c,3,0.022051228
cf5f7637-c72c-4e8d-94fa-aa809cb23be1,3,0.039307966
39f02c32-1f2a-4d0c-b758-91e67213b379,3,0.024450593
21159f6b-c26e-4575-8fdb-2abec049e3c8,3,0.023438909
f5f4847e-2369-49b1-9d32-6116d6b87b9b,3,0.022185868
b09dae70-4cec-4251-85a6-08235af8ff5f,3,0.022057314
e991ce93-213c-49df-b4f2-0cd7b13444d8,3,0.024036518
0a473ebc-03a0-429b-82e3-0b5374a26842,3,0.041616046
930fd7ab-a8f2-4205-b561-966f8cbdd817,3,0.028725984
8f1b03da-34b4-470c-9079-aa8f4f77e61f,4,0.043831771
6f9de6df-9ec4-47e9-80ea-329ecaa141fc,4,0.046702805
6d05d656-eff4-4411-a02b-cf3dd1b05e97,4,0.055398114
4e5d3444-3f3b-4fff-a63d-d76d377c4e7c,4,0.053335142
2f23d83e-bd61-479f-a6c3-fe6db0b63c42,4,0.051330938
6d2ed5e4-5409-40f7-a781-ae628fbdbe07,4,0.020374285
30462d4b-5312-4d15-8fda-5d4f417170ee,4,0.017915182
3c142dca-acaa-41b0-88ea-55891a8e4957,4,0.017342749
24ea96ff-c35f-4709-a914-ed9176e846f7,4,0.031859178
6bf9b0a5-c59d-4959-ba71-37d460bf37c0,4,0.023444141
9cb0f399-c9b2-42a0-b417-e019c62b7efb,4,0.024827841
ce808cdc-a2a2-4631-81cb-c88255ebb8ab,4,0.026816849
1c2d2ba8-27e5-4daa-9328-c58b622938a1,4,0.03107254
2c3ceae4-7eb8-4084-a0ef-2ea19d238adf,4,0.034598205
7d5d2f06-ac9e-4f25-9b18-c9bd1a652bfa,4,0.027937695
ecd736b5-1839-490e-9a9e-f85cba52f7c8,4,0.00955644
dcd62f96-e7c5-4199-a320-3aea5f68d062,4,0.010833646
14acc812-ab22-4199-89fa-8e2a56b5198e,4,0.015142277
623badc8-ee37-4103-a89f-cff2e4920d61,4,0.021546657
b844ab01-0cef-4eee-ba95-d79bfd522fb7,4,0.022069814
2dd81c95-deee-47f0-8527-7fe2496f25f0,4,0.01008947
d1ab88ec-4db0-4d49-b490-cff306e8b029,4,0.01879293
b8725bd2-6b8f-44be-89ad-23c6968bba09,4,0.022610785
d1c00cd6-d9f0-4511-a56d-e916dcbbd1e1,4,0.017935065
15e60167-b3ff-4cc8-9878-4131f28e6ed9,4,0.007916511
607ea617-d8dc-4b46-b884-0908c0d1798b,4,0.022596753
20d8304f-25d9-4846-b59a-646b4ecf09ca,4,0.006288423
246ac353-fc54-471f-b642-cc31c3736779,4,0.011273825
fdc1ba96-4175-4ae8-88cf-90d35706108a,4,0.01089033
4cdeb603-ccf0-4f88-9884-f6aa60007f4d,4,0.011573234
0aca8a14-e10c-4159-83c6-64417b67e53e,4,0.011256707
67c3332b-6fd6-4ead-b001-4d9f3b54e53a,4,0.026032
d2bf3d99-5ff9-48a3-a0dc-e5ad00f44dc8,4,0.030789323
a51ebc91-1745-4f0a-a7f8-8a24b2742fae,4,0.030340231
62a2af47-fa10-4ae9-9dcd-042660ef8821,4,0.027047111
52fcdf60-d341-46c3-8259-21a94affe5fa,4,0.029686438
000e833b-951f-4d64-92bd-5f85abbec1f8,4,0.024762899
e1724523-9fdb-4d8f-9e83-3f4d4e784666,4,0.032766197
a01150e2-f806-439d-bf00-0535311e0bf5,4,0.029324444
6edb8939-d15c-49ff-af72-98d34c6c3beb,4,0.042111998
1a5d8641-7cb6-42f0-9c46-bfb76488bb57,4,0.037799641
356924f3-f54c-4150-a4fe-ee208ae28590,4,0.046849529
d4d4bdf2-ef80-48e7-ae29-28ed909a7bcb,4,0.054571384
b7e96b24-14d2-4a88-b48c-e1ba811d704a,4,0.040108785
9c4890dd-cdd2-4be7-9890-c452b903c5ef,4,0.04434012
5c89ffcb-8dd6-481f-b2e7-e881714cf35d,4,0.054477613
43ad9f6b-22f0-48d5-a4b7-ce4089e252d3,4,0.048102456
db45e39d-fb33-49d2-a497-d74acf5cbc64,4,0.056200239
ed8588ca-7b29-4765-9d35-7e6e262db07b,4,0.049139879
d0539de6-d0c7-4458-9685-22a1e4b2ed14,4,0.0646318
9ef6a81f-9acc-4431-bb8d-c22992d2d5db,4,0.061417371
5cd12c1c-423b-44f4-b9af-b5c5af9509ad,4,0.070528544
5c3618f1-ce98-4024-afd8-bcf6c63d8792,4,0.073267201
b57c85ba-4713-4a8c-85d5-1ca5b6085fb0,4,0.076396717
5cc8ff85-c2b6-4c7a-9b21-19ffad75130c,4,0.065590141
b09dae70-4cec-4251-85a6-08235af8ff5f,4,0.064914224
21159f6b-c26e-4575-8fdb-2abec049e3c8,4,0.076059225
39f02c32-1f2a-4d0c-b758-91e67213b379,4,0.080453716
b3992e32-bb30-46c7-89ea-e43f8d37737c,4,0.081463461
f5f4847e-2369-49b1-9d32-6116d6b87b9b,4,0.075748414
cf5f7637-c72c-4e8d-94fa-aa809cb23be1,4,0.08816983
0a473ebc-03a0-429b-82e3-0b5374a26842,4,0.082303811
e991ce93-213c-49df-b4f2-0cd7b13444d8,4,0.085143956
930fd7ab-a8f2-4205-b561-966f8cbdd817,4,0.089693024
8f1b03da-34b4-470c-9079-aa8f4f77e61f,5,0.046855327
6d05d656-eff4-4411-a02b-cf3dd1b05e97,5,0.046560481
4e5d3444-3f3b-4fff-a63d-d76d377c4e7c,5,0.047990164
6f9de6df-9ec4-47e9-80ea-329ecaa141fc,5,0.052226756
6d2ed5e4-5409-40f7-a781-ae628fbdbe07,5,0.044603417
30462d4b-5312-4d15-8fda-5d4f417170ee,5,0.046023623
3c142dca-acaa-41b0-88ea-55891a8e4957,5,0.046804383
2f23d83e-bd61-479f-a6c3-fe6db0b63c42,5,0.054924218
6bf9b0a5-c59d-4959-ba71-37d460bf37c0,5,0.054844449
24ea96ff-c35f-4709-a914-ed9176e846f7,5,0.057637806
1c2d2ba8-27e5-4daa-9328-c58b622938a1,5,0.019175244
9cb0f399-c9b2-42a0-b417-e019c62b7efb,5,0.024030884
ce808cdc-a2a2-4631-81cb-c88255ebb8ab,5,0.033522135
2c3ceae4-7eb8-4084-a0ef-2ea19d238adf,5,0.033311026
ecd736b5-1839-490e-9a9e-f85cba52f7c8,5,0.025241736
7d5d2f06-ac9e-4f25-9b18-c9bd1a652bfa,5,0.036955751
dcd62f96-e7c5-4199-a320-3aea5f68d062,5,0.064067607
b844ab01-0cef-4eee-ba95-d79bfd522fb7,5,0.058230712
623badc8-ee37-4103-a89f-cff2e4920d61,5,0.061426057
14acc812-ab22-4199-89fa-8e2a56b5198e,5,0.072494309
b8725bd2-6b8f-44be-89ad-23c6968bba09,5,0.051288473
15e60167-b3ff-4cc8-9878-4131f28e6ed9,5,0.047660888
d1ab88ec-4db0-4d49-b490-cff306e8b029,5,0.056342968
2dd81c95-deee-47f0-8527-7fe2496f25f0,5,0.077138462
d1c00cd6-d9f0-4511-a56d-e916dcbbd1e1,5,0.056046561
20d8304f-25d9-4846-b59a-646b4ecf09ca,5,0.053622158
4cdeb603-ccf0-4f88-9884-f6aa60007f4d,5,0.034106591
246ac353-fc54-471f-b642-cc31c3736779,5,0.037288545
fdc1ba96-4175-4ae8-88cf-90d35706108a,5,0.039439873
607ea617-d8dc-4b46-b884-0908c0d1798b,5,0.069571608
62a2af47-fa10-4ae9-9dcd-042660ef8821,5,0.022649256
0aca8a14-e10c-4159-83c6-64417b67e53e,5,0.040305563
67c3332b-6fd6-4ead-b001-4d9f3b54e53a,5,0.030932893
d2bf3d99-5ff9-48a3-a0dc-e5ad00f44dc8,5,0.034124886
a51ebc91-1745-4f0a-a7f8-8a24b2742fae,5,0.030504407
52fcdf60-d341-46c3-8259-21a94affe5fa,5,0.013520618
e1724523-9fdb-4d8f-9e83-3f4d4e784666,5,0.008754635
a01150e2-f806-439d-bf00-0535311e0bf5,5,0.008278561
000e833b-951f-4d64-92bd-5f85abbec1f8,5,0.016603682
6edb8939-d15c-49ff-af72-98d34c6c3beb,5,0.011196785
1a5d8641-7cb6-42f0-9c46-bfb76488bb57,5,0.009747112
b7e96b24-14d2-4a88-b48c-e1ba811d704a,5,0.020215814
9c4890dd-cdd2-4be7-9890-c452b903c5ef,5,0.015239118
d4d4bdf2-ef80-48e7-ae29-28ed909a7bcb,5,0.023800939
356924f3-f54c-4150-a4fe-ee208ae28590,5,0.026095799
db45e39d-fb33-49d2-a497-d74acf5cbc64,5,0.011400733
ed8588ca-7b29-4765-9d35-7e6e262db07b,5,0.01119173
d0539de6-d0c7-4458-9685-22a1e4b2ed14,5,0.012382342
43ad9f6b-22f0-48d5-a4b7-ce4089e252d3,5,0.018007812
5c89ffcb-8dd6-481f-b2e7-e881714cf35d,5,0.021462087
b57c85ba-4713-4a8c-85d5-1ca5b6085fb0,5,0.012798568
5c3618f1-ce98-4024-afd8-bcf6c63d8792,5,0.01760411
5cc8ff85-c2b6-4c7a-9b21-19ffad75130c,5,0.015226003
5cd12c1c-423b-44f4-b9af-b5c5af9509ad,5,0.023108976
9ef6a81f-9acc-4431-bb8d-c22992d2d5db,5,0.030862155
39f02c32-1f2a-4d0c-b758-91e67213b379,5,0.017601564
f5f4847e-2369-49b1-9d32-6116d6b87b9b,5,0.019405653
b3992e32-bb30-46c7-89ea-e43f8d37737c,5,0.022943575
b09dae70-4cec-4251-85a6-08235af8ff5f,5,0.034700242
21159f6b-c26e-4575-8fdb-2abec049e3c8,5,0.03178123
0a473ebc-03a0-429b-82e3-0b5374a26842,5,0.016348932
cf5f7637-c72c-4e8d-94fa-aa809cb23be1,5,0.021188221
e991ce93-213c-49df-b4f2-0cd7b13444d8,5,0.019292431
930fd7ab-a8f2-4205-b561-966f8cbdd817,5,0.018106434
8f1b03da-34b4-470c-9079-aa8f4f77e61f,6,0.028358683
4e5d3444-3f3b-4fff-a63d-d76d377c4e7c,6,0.025344673
6d05d656-eff4-4411-a02b-cf3dd1b05e97,6,0.030179586
6f9de6df-9ec4-47e9-80ea-329ecaa141fc,6,0.028234334
6d2ed5e4-5409-40f7-a781-ae628fbdbe07,6,0.02879265
2f23d83e-bd61-479f-a6c3-fe6db0b63c42,6,0.04168264
30462d4b-5312-4d15-8fda-5d4f417170ee,6,0.051800582
24ea96ff-c35f-4709-a914-ed9176e846f7,6,0.037977753
6bf9b0a5-c59d-4959-ba71-37d460bf37c0,6,0.040525801
3c142dca-acaa-41b0-88ea-55891a8e4957,6,0.055014308
2c3ceae4-7eb8-4084-a0ef-2ea19d238adf,6,0.034775108
9cb0f399-c9b2-42a0-b417-e019c62b7efb,6,0.055017803
1c2d2ba8-27e5-4daa-9328-c58b622938a1,6,0.058471578
ecd736b5-1839-490e-9a9e-f85cba52f7c8,6,0.040100863
ce808cdc-a2a2-4631-81cb-c88255ebb8ab,6,0.046490366
7d5d2f06-ac9e-4f25-9b18-c9bd1a652bfa,6,0.040091974
b844ab01-0cef-4eee-ba95-d79bfd522fb7,6,0.016043823
623badc8-ee37-4103-a89f-cff2e4920d61,6,0.014212111
14acc812-ab22-4199-89fa-8e2a56b5198e,6,0.017265632
dcd62f96-e7c5-4199-a320-3aea5f68d062,6,0.033950346
b8725bd2-6b8f-44be-89ad-23c6968bba09,6,0.04026188
d1ab88ec-4db0-4d49-b490-cff306e8b029,6,0.034914813
d1c00cd6-d9f0-4511-a56d-e916dcbbd1e1,6,0.031615975
4cdeb603-ccf0-4f88-9884-f6aa60007f4d,6,0.030407565
2dd81c95-deee-47f0-8527-7fe2496f25f0,6,0.044400564
15e60167-b3ff-4cc8-9878-4131f28e6ed9,6,0.04941657
000e833b-951f-4d64-92bd-5f85abbec1f8,6,0.029970593
246ac353-fc54-471f-b642-cc31c3736779,6,0.069680611
20d8304f-25d9-4846-b59a-646b4ecf09ca,6,0.074068222
a01150e2-f806-439d-bf00-0535311e0bf5,6,0.037296635
62a2af47-fa10-4ae9-9dcd-042660ef8821,6,0.036324299
52fcdf60-d341-46c3-8259-21a94affe5fa,6,0.082997019
d2bf3d99-5ff9-48a3-a0dc-e5ad00f44dc8,6,0.085341303
a51ebc91-1745-4f0a-a7f8-8a24b2742fae,6,0.085987548
607ea617-d8dc-4b46-b884-0908c0d1798b,6,0.100521463
fdc1ba96-4175-4ae8-88cf-90d35706108a,6,0.098527669
1a5d8641-7cb6-42f0-9c46-bfb76488bb57,6,0.081161114
0aca8a14-e10c-4159-83c6-64417b67e53e,6,0.107492428
e1724523-9fdb-4d8f-9e83-3f4d4e784666,6,0.106601286
67c3332b-6fd6-4ead-b001-4d9f3b54e53a,6,0.113837238
6edb8939-d15c-49ff-af72-98d34c6c3beb,6,0.103494155
d4d4bdf2-ef80-48e7-ae29-28ed909a7bcb,6,0.083800627
356924f3-f54c-4150-a4fe-ee208ae28590,6,0.086487397
b7e96b24-14d2-4a88-b48c-e1ba811d704a,6,0.094188136
9c4890dd-cdd2-4be7-9890-c452b903c5ef,6,0.093445328
db45e39d-fb33-49d2-a497-d74acf5cbc64,6,0.080670771
d0539de6-d0c7-4458-9685-22a1e4b2ed14,6,0.092012764
5c89ffcb-8dd6-481f-b2e7-e881714cf35d,6,0.090230124
43ad9f6b-22f0-48d5-a4b7-ce4089e252d3,6,0.087211813
ed8588ca-7b29-4765-9d35-7e6e262db07b,6,0.096930271
b57c85ba-4713-4a8c-85d5-1ca5b6085fb0,6,0.076355039
5cc8ff85-c2b6-4c7a-9b21-19ffad75130c,6,0.083497925
5c3618f1-ce98-4024-afd8-bcf6c63d8792,6,0.089235057
9ef6a81f-9acc-4431-bb8d-c22992d2d5db,6,0.080174697
5cd12c1c-423b-44f4-b9af-b5c5af9509ad,6,0.087733015
39f02c32-1f2a-4d0c-b758-91e67213b379,6,0.07191389
b3992e32-bb30-46c7-89ea-e43f8d37737c,6,0.07856691
b09dae70-4cec-4251-85a6-08235af8ff5f,6,0.078816395
f5f4847e-2369-49b1-9d32-6116d6b87b9b,6,0.086188372
21159f6b-c26e-4575-8fdb-2abec049e3c8,6,0.078883151
0a473ebc-03a0-429b-82e3-0b5374a26842,6,0.084318202
930fd7ab-a8f2-4205-b561-966f8cbdd817,6,0.081354061
cf5f7637-c72c-4e8d-94fa-aa809cb23be1,6,0.087498958
e991ce93-213c-49df-b4f2-0cd7b13444d8,6,0.085700216
6d05d656-eff4-4411-a02b-cf3dd1b05e97,7,0.009934567
4e5d3444-3f3b-4fff-a63d-d76d377c4e7c,7,0.014506423
6d2ed5e4-5409-40f7-a781-ae628fbdbe07,7,0.013492228
6f9de6df-9ec4-47e9-80ea-329ecaa141fc,7,0.016974515
8f1b03da-34b4-470c-9079-aa8f4f77e61f,7,0.024525776
2f23d83e-bd61-479f-a6c3-fe6db0b63c42,7,0.013880397
24ea96ff-c35f-4709-a914-ed9176e846f7,7,0.024192946
6bf9b0a5-c59d-4959-ba71-37d460bf37c0,7,0.025812007
30462d4b-5312-4d15-8fda-5d4f417170ee,7,0.030889149
3c142dca-acaa-41b0-88ea-55891a8e4957,7,0.025718885
2c3ceae4-7eb8-4084-a0ef-2ea19d238adf,7,0.028031775
1c2d2ba8-27e5-4daa-9328-c58b622938a1,7,0.029052231
9cb0f399-c9b2-42a0-b417-e019c62b7efb,7,0.037039523
7d5d2f06-ac9e-4f25-9b18-c9bd1a652bfa,7,0.036928102
ce808cdc-a2a2-4631-81cb-c88255ebb8ab,7,0.039435521
ecd736b5-1839-490e-9a9e-f85cba52f7c8,7,0.051981296
b844ab01-0cef-4eee-ba95-d79bfd522fb7,7,0.024375545
623badc8-ee37-4103-a89f-cff2e4920d61,7,0.030098068
dcd62f96-e7c5-4199-a320-3aea5f68d062,7,0.020906397
14acc812-ab22-4199-89fa-8e2a56b5198e,7,0.02705266
d1c00cd6-d9f0-4511-a56d-e916dcbbd1e1,7,0.011173791
b8725bd2-6b8f-44be-89ad-23c6968bba09,7,0.016061218
d1ab88ec-4db0-4d49-b490-cff306e8b029,7,0.017180038
2dd81c95-deee-47f0-8527-7fe2496f25f0,7,0.018476931
4cdeb603-ccf0-4f88-9884-f6aa60007f4d,7,0.022114489
15e60167-b3ff-4cc8-9878-4131f28e6ed9,7,0.018088374
000e833b-951f-4d64-92bd-5f85abbec1f8,7,0.011578948
a01150e2-f806-439d-bf00-0535311e0bf5,7,0.010562105
20d8304f-25d9-4846-b59a-646b4ecf09ca,7,0.013498673
62a2af47-fa10-4ae9-9dcd-042660ef8821,7,0.011326502
246ac353-fc54-471f-b642-cc31c3736779,7,0.017063271
a51ebc91-1745-4f0a-a7f8-8a24b2742fae,7,0.007580626
fdc1ba96-4175-4ae8-88cf-90d35706108a,7,0.00739722
52fcdf60-d341-46c3-8259-21a94affe5fa,7,0.021256662
607ea617-d8dc-4b46-b884-0908c0d1798b,7,0.013948355
d2bf3d99-5ff9-48a3-a0dc-e5ad00f44dc8,7,0.01768665
0aca8a14-e10c-4159-83c6-64417b67e53e,7,0.021269126
67c3332b-6fd6-4ead-b001-4d9f3b54e53a,7,0.021604402
6edb8939-d15c-49ff-af72-98d34c6c3beb,7,0.023958779
1a5d8641-7cb6-42f0-9c46-bfb76488bb57,7,0.036217075
e1724523-9fdb-4d8f-9e83-3f4d4e784666,7,0.026118107
b7e96b24-14d2-4a88-b48c-e1ba811d704a,7,0.014167625
db45e39d-fb33-49d2-a497-d74acf5cbc64,7,0.011449991
9c4890dd-cdd2-4be7-9890-c452b903c5ef,7,0.015954155
356924f3-f54c-4150-a4fe-ee208ae28590,7,0.026384877
d4d4bdf2-ef80-48e7-ae29-28ed909a7bcb,7,0.030117884
43ad9f6b-22f0-48d5-a4b7-ce4089e252d3,7,0.00932095
ed8588ca-7b29-4765-9d35-7e6e262db07b,7,0.010589642
5c89ffcb-8dd6-481f-b2e7-e881714cf35d,7,0.014003719
d0539de6-d0c7-4458-9685-22a1e4b2ed14,7,0.016467608
b57c85ba-4713-4a8c-85d5-1ca5b6085fb0,7,0.008649098
5cc8ff85-c2b6-4c7a-9b21-19ffad75130c,7,0.009530521
9ef6a81f-9acc-4431-bb8d-c22992d2d5db,7,0.008190653
5c3618f1-ce98-4024-afd8-bcf6c63d8792,7,0.011402419
5cd12c1c-423b-44f4-b9af-b5c5af9509ad,7,0.012125368
39f02c32-1f2a-4d0c-b758-91e67213b379,7,0.011545582
b3992e32-bb30-46c7-89ea-e43f8d37737c,7,0.00587083
f5f4847e-2369-49b1-9d32-6116d6b87b9b,7,0.006646483
21159f6b-c26e-4575-8fdb-2abec049e3c8,7,0.007328787
b09dae70-4cec-4251-85a6-08235af8ff5f,7,0.015929738
930fd7ab-a8f2-4205-b561-966f8cbdd817,7,0.019819707
cf5f7637-c72c-4e8d-94fa-aa809cb23be1,7,0.019013327
e991ce93-213c-49df-b4f2-0cd7b13444d8,7,0.01911474
0a473ebc-03a0-429b-82e3-0b5374a26842,7,0.027630948
4e5d3444-3f3b-4fff-a63d-d76d377c4e7c,8,0.026143452
8f1b03da-34b4-470c-9079-aa8f4f77e61f,8,0.019276041
6d2ed5e4-5409-40f7-a781-ae628fbdbe07,8,0.027673926
6f9de6df-9ec4-47e9-80ea-329ecaa141fc,8,0.026637349
6d05d656-eff4-4411-a02b-cf3dd1b05e97,8,0.03536606
2f23d83e-bd61-479f-a6c3-fe6db0b63c42,8,0.014366934
6bf9b0a5-c59d-4959-ba71-37d460bf37c0,8,0.019591987
3c142dca-acaa-41b0-88ea-55891a8e4957,8,0.019408111
30462d4b-5312-4d15-8fda-5d4f417170ee,8,0.020490577
24ea96ff-c35f-4709-a914-ed9176e846f7,8,0.028030483
2c3ceae4-7eb8-4084-a0ef-2ea19d238adf,8,0.007641934
1c2d2ba8-27e5-4daa-9328-c58b622938a1,8,0.010966986
9cb0f399-c9b2-42a0-b417-e019c62b7efb,8,0.014569873
ce808cdc-a2a2-4631-81cb-c88255ebb8ab,8,0.014368618
ecd736b5-1839-490e-9a9e-f85cba52f7c8,8,0.007703411
b844ab01-0cef-4eee-ba95-d79bfd522fb7,8,0.007023981
7d5d2f06-ac9e-4f25-9b18-c9bd1a652bfa,8,0.023693401
dcd62f96-e7c5-4199-a320-3aea5f68d062,8,0.007532658
14acc812-ab22-4199-89fa-8e2a56b5198e,8,0.020828003
623badc8-ee37-4103-a89f-cff2e4920d61,8,0.023320968
d1c00cd6-d9f0-4511-a56d-e916dcbbd1e1,8,0.011021549
d1ab88ec-4db0-4d49-b490-cff306e8b029,8,0.006813435
b8725bd2-6b8f-44be-89ad-23c6968bba09,8,0.013176847
2dd81c95-deee-47f0-8527-7fe2496f25f0,8,0.020729192
15e60167-b3ff-4cc8-9878-4131f28e6ed9,8,0.019878059
4cdeb603-ccf0-4f88-9884-f6aa60007f4d,8,0.022208839
000e833b-951f-4d64-92bd-5f85abbec1f8,8,0.03141307
246ac353-fc54-471f-b642-cc31c3736779,8,0.026780616
62a2af47-fa10-4ae9-9dcd-042660ef8821,8,0.030253729
20d8304f-25d9-4846-b59a-646b4ecf09ca,8,0.034357965
a01150e2-f806-439d-bf00-0535311e0bf5,8,0.037130947
607ea617-d8dc-4b46-b884-0908c0d1798b,8,0.015258372
52fcdf60-d341-46c3-8259-21a94affe5fa,8,0.019283014
fdc1ba96-4175-4ae8-88cf-90d35706108a,8,0.024114993
d2bf3d99-5ff9-48a3-a0dc-e5ad00f44dc8,8,0.018946984
a51ebc91-1745-4f0a-a7f8-8a24b2742fae,8,0.028941884
0aca8a14-e10c-4159-83c6-64417b67e53e,8,0.017441589
6edb8939-d15c-49ff-af72-98d34c6c3beb,8,0.01215073
67c3332b-6fd6-4ead-b001-4d9f3b54e53a,8,0.014261385
b7e96b24-14d2-4a88-b48c-e1ba811d704a,8,0.014736653
1a5d8641-7cb6-42f0-9c46-bfb76488bb57,8,0.024739269
e1724523-9fdb-4d8f-9e83-3f4d4e784666,8,0.028837937
d4d4bdf2-ef80-48e7-ae29-28ed909a7bcb,8,0.020467595
9c4890dd-cdd2-4be7-9890-c452b903c5ef,8,0.026580176
db45e39d-fb33-49d2-a497-d74acf5cbc64,8,0.02999881
356924f3-f54c-4150-a4fe-ee208ae28590,8,0.023436417
ed8588ca-7b29-4765-9d35-7e6e262db07b,8,0.024476312
d0539de6-d0c7-4458-9685-22a1e4b2ed14,8,0.025737524
b57c85ba-4713-4a8c-85d5-1ca5b6085fb0,8,0.025199957
5c89ffcb-8dd6-481f-b2e7-e881714cf35d,8,0.028186165
43ad9f6b-22f0-48d5-a4b7-ce4089e252d3,8,0.032727719
39f02c32-1f2a-4d0c-b758-91e67213b379,8,0.012075556
5cd12c1c-423b-44f4-b9af-b5c5af9509ad,8,0.012818272
5c3618f1-ce98-4024-afd8-bcf6c63d8792,8,0.026007829
5cc8ff85-c2b6-4c7a-9b21-19ffad75130c,8,0.037473424
9ef6a81f-9acc-4431-bb8d-c22992d2d5db,8,0.032099382
b3992e32-bb30-46c7-89ea-e43f8d37737c,8,0.015070777
f5f4847e-2369-49b1-9d32-6116d6b87b9b,8,0.020875345
b09dae70-4cec-4251-85a6-08235af8ff5f,8,0.013691342
21159f6b-c26e-4575-8fdb-2abec049e3c8,8,0.018258953
930fd7ab-a8f2-4205-b561-966f8cbdd817,8,0.005537064
cf5f7637-c72c-4e8d-94fa-aa809cb23be1,8,0.006971658
e991ce93-213c-49df-b4f2-0cd7b13444d8,8,0.007965176
0a473ebc-03a0-429b-82e3-0b5374a26842,8,0.009127915
8f1b03da-34b4-470c-9079-aa8f4f77e61f,9,0.034586936
6f9de6df-9ec4-47e9-80ea-329ecaa141fc,9,0.030823766
4e5d3444-3f3b-4fff-a63d-d76d377c4e7c,9,0.038923787
6d05d656-eff4-4411-a02b-cf3dd1b05e97,9,0.037719096
6d2ed5e4-5409-40f7-a781-ae628fbdbe07,9,0.050074638
2f23d83e-bd61-479f-a6c3-fe6db0b63c42,9,0.045748957
30462d4b-5312-4d15-8fda-5d4f417170ee,9,0.021784422
6bf9b0a5-c59d-4959-ba71-37d460bf37c0,9,0.031628904
3c142dca-acaa-41b0-88ea-55891a8e4957,9,0.030375949
24ea96ff-c35f-4709-a914-ed9176e846f7,9,0.033069282
2c3ceae4-7eb8-4084-a0ef-2ea19d238adf,9,0.044833259
ecd736b5-1839-490e-9a9e-f85cba52f7c8,9,0.01514403
1c2d2ba8-27e5-4daa-9328-c58b622938a1,9,0.038521782
ce808cdc-a2a2-4631-81cb-c88255ebb8ab,9,0.025686985
9cb0f399-c9b2-42a0-b417-e019c62b7efb,9,0.031236991
dcd62f96-e7c5-4199-a320-3aea5f68d062,9,0.016388968
b844ab01-0cef-4eee-ba95-d79bfd522fb7,9,0.032807739
7d5d2f06-ac9e-4f25-9b18-c9bd1a652bfa,9,0.033914761
623badc8-ee37-4103-a89f-cff2e4920d61,9,0.010806367
14acc812-ab22-4199-89fa-8e2a56b5198e,9,0.014741379
d1c00cd6-d9f0-4511-a56d-e916dcbbd1e1,9,0.009609389
b8725bd2-6b8f-44be-89ad-23c6968bba09,9,0.011292953
d1ab88ec-4db0-4d49-b490-cff306e8b029,9,0.013506617
15e60167-b3ff-4cc8-9878-4131f28e6ed9,9,0.006591182
2dd81c95-deee-47f0-8527-7fe2496f25f0,9,0.009189852
4cdeb603-ccf0-4f88-9884-f6aa60007f4d,9,0.008536285
000e833b-951f-4d64-92bd-5f85abbec1f8,9,0.012216513
62a2af47-fa10-4ae9-9dcd-042660ef8821,9,0.011063661
246ac353-fc54-471f-b642-cc31c3736779,9,0.018479255
a01150e2-f806-439d-bf00-0535311e0bf5,9,0.014164435
20d8304f-25d9-4846-b59a-646b4ecf09ca,9,0.014947729
fdc1ba96-4175-4ae8-88cf-90d35706108a,9,0.01470071
a51ebc91-1745-4f0a-a7f8-8a24b2742fae,9,0.01576765
607ea617-d8dc-4b46-b884-0908c0d1798b,9,0.024008476
d2bf3d99-5ff9-48a3-a0dc-e5ad00f44dc8,9,0.018988986
52fcdf60-d341-46c3-8259-21a94affe5fa,9,0.02299499
67c3332b-6fd6-4ead-b001-4d9f3b54e53a,9,0.009134972
6edb8939-d15c-49ff-af72-98d34c6c3beb,9,0.013162898
0aca8a14-e10c-4159-83c6-64417b67e53e,9,0.014916699
1a5d8641-7cb6-42f0-9c46-bfb76488bb57,9,0.010981218
e1724523-9fdb-4d8f-9e83-3f4d4e784666,9,0.008713515
b7e96b24-14d2-4a88-b48c-e1ba811d704a,9,0.016804581
db45e39d-fb33-49d2-a497-d74acf5cbc64,9,0.011896912
9c4890dd-cdd2-4be7-9890-c452b903c5ef,9,0.014857087
d4d4bdf2-ef80-48e7-ae29-28ed909a7bcb,9,0.021182108
356924f3-f54c-4150-a4fe-ee208ae28590,9,0.014583118
ed8588ca-7b29-4765-9d35-7e6e262db07b,9,0.009229796
d0539de6-d0c7-4458-9685-22a1e4b2ed14,9,0.011133267
5c89ffcb-8dd6-481f-b2e7-e881714cf35d,9,0.012194377
b57c85ba-4713-4a8c-85d5-1ca5b6085fb0,9,0.012742941
43ad9f6b-22f0-48d5-a4b7-ce4089e252d3,9,0.01754353
5c3618f1-ce98-4024-afd8-bcf6c63d8792,9,0.008006862
39f02c32-1f2a-4d0c-b758-91e67213b379,9,0.017790743
5cc8ff85-c2b6-4c7a-9b21-19ffad75130c,9,0.011397783
b3992e32-bb30-46c7-89ea-e43f8d37737c,9,0.011966018
5cd12c1c-423b-44f4-b9af-b5c5af9509ad,9,0.022575202
9ef6a81f-9acc-4431-bb8d-c22992d2d5db,9,0.019397631
21159f6b-c26e-4575-8fdb-2abec049e3c8,9,0.024939962
f5f4847e-2369-49b1-9d32-6116d6b87b9b,9,0.029190201
cf5f7637-c72c-4e8d-94fa-aa809cb23be1,9,0.020390232
b09dae70-4cec-4251-85a6-08235af8ff5f,9,0.035504246
930fd7ab-a8f2-4205-b561-966f8cbdd817,9,0.024771505
0a473ebc-03a0-429b-82e3-0b5374a26842,9,0.025059931
e991ce93-213c-49df-b4f2-0cd7b13444d8,9,0.028367265
