5a738d1e-d581-471d-9a63-8822b9a14cfe,0,0.040583135
339f3527-b4f7-46d8-a27f-9519c392d90b,0,0.062173817
85a727f9-0d2e-4bfa-9599-323dfb34aa09,0,0.089063762
d66076f6-49e6-49e6-ba09-03a0116e6c1c,0,0.067013189
bc106408-0d88-4ddd-a642-fb5e65181f99,0,0.096829002
eef403bb-d786-4ba8-8fca-1f152ba95567,0,0.049871857
cadc8215-1a4f-4a5c-bd69-07730bfc1bbb,0,0.080587684
fa3a0ebb-6476-4c0d-beac-099510593b0d,0,0.055260735
bf00db09-537c-42ec-87c0-384a4762f06f,0,0.05458978
00f7b3bb-6ef6-487c-b144-2658e3e4d3ad,0,0.095994187
42aaff82-fba3-49f1-91a2-b76f0911c71a,0,0.065273032
51d744b6-4c7d-4c99-bb95-32f8e09d96fc,0,0.099238141
19503cde-f499-43be-bd35-a086c08e1856,0,0.10599467
5b4a8c2d-0df5-4bcd-837e-4840b0339245,0,0.110035255
a61778fe-6165-45f3-853b-20c6696a6239,0,0.110027732
e21bb06a-cd62-4bba-beb5-856a9d7eac5d,0,0.111091
98fc950b-41b1-42fb-a48e-6d9d7fe04d14,0,0.112702306
bcbb4cdc-c13f-42a1-ac52-2ac8c6b3bc6c,0,0.112451925
b32ced97-96eb-4ec2-8751-3a17c04ae9bb,0,0.116231887
685eee87-0d03-4ac6-aab6-0b1c92206e39,0,0.124038204
2d668f29-a646-4c73-87a4-0c02f47cfda8,0,0.131116912
7daa3e63-6a36-4799-a681-05ecc5c7f789,0,0.1461919
d0d15d78-bc31-4abe-907e-2ece1839f14f,0,0.148373602
039cee86-c80e-4cac-b9bf-6c75ea050d57,0,0.152115986
2e85e2a5-2393-4df3-b461-aba436ba38db,0,0.155527577
225a95b4-8e0e-4603-bae8-5aaba1baf8c1,0,0.157700534
62b6f3ae-58b1-4c7f-917a-2f2c269997a5,0,0.157044317
4ef04d83-f82a-4ad8-8de9-5e0409f521b3,0,0.163879486
214da729-6d76-4350-a32f-7b4b48c8204c,0,0.164451013
5eb9c847-0b34-4fe3-9df1-1505de3e5138,0,0.166804106
d91950d0-b38d-45d5-ad20-60f57351eccf,0,0.167795032
5aa54622-e060-4f03-af51-5d76908a1a31,0,0.171258831
81406eca-87f1-40c8-bcf0-1a09b5596070,0,0.188314699
07e477e7-2d1e-4cf3-95b8-a4dac4399f69,0,0.190381409
d66b90fd-368b-40ee-8031-b813859b8868,0,0.185728023
90f0b712-bb68-47e8-8d0c-0f26b4e84097,0,0.189262939
06362b34-26e0-4534-949c-e565ebd3750f,0,0.190789081
697d8073-aae9-41da-bbc3-36afe5b1ea9b,0,0.19210449
efa24b30-f2a9-4c99-a13e-b7397d9a4834,0,0.195011689
70a01662-9572-4d77-846a-fea05d67c44e,0,0.183848977
36d309da-ee37-4fe2-addb-fb6682ea0ab9,0,0.206409255
6716bf6e-f45c-42be-8db9-3df855bb6b69,0,0.206591158
09e92eff-2487-465d-b773-45244e925ead,0,0.211652488
6b5db1d2-cc64-420e-b733-751cba13d809,0,0.195303818
1df11359-0842-4813-b2d7-235c9c17c193,0,0.20177887
a5d2cce9-d661-4cdd-90ae-cb8a6a4eae0f,0,0.204944904
941d70bf-6959-4322-abc7-39ae6cf13588,0,0.225755739
8fe69a2a-d63f-49c5-93f3-65960c1f8a38,0,0.206199272
b4f03e55-6506-4949-9707-a15ca5a766ea,0,0.234310583
3e0ad01c-274e-46c8-abb5-a8049b54606f,0,0.215042155
58d6a8f4-6ae4-44e4-b82d-786c11524d0d,0,0.213051067
72eccefc-f612-48d6-aa6f-852ae829cfce,0,0.213322486
2d2cfa4c-9093-4be7-abcf-b028244e3a7b,0,0.218984001
c6b4f5c6-a11e-4635-9f5e-84c79544c673,0,0.224832012
6f427029-c37f-4786-8591-1d60895b39a0,0,0.222849392
63e91384-4cc0-4465-8dfa-f013afb81b47,0,0.228662383
e2d9fc96-2734-4581-82c6-a4bd2c3d2f2a,0,0.223159218
3361e3dc-64d7-4cbc-9a83-e00f23272445,0,0.229229879
c4a7892c-990e-48aa-87a7-e50021bb4d75,0,0.241875979
43b5cca8-b687-4574-8932-e85f9ebfa6c0,0,0.239348979
b31383b1-3c02-45dd-baea-603d272ca9ad,0,0.244609154
2c4b7f55-c19e-4abe-b738-d0eb3e5d6901,0,0.242526936
c916d292-ccda-4684-85f9-5e8ddca5a81b,0,0.245660989
930c6cfb-046c-486d-9689-e7595c344b5a,0,0.241364557
95641bd2-d55a-4bbe-ade9-f211ff3a86e4,0,0.238978744
a2623ddb-e116-4639-9d2c-1625785a2fdb,0,0.248539716
fa08641c-bd01-46b9-be5e-cbf82446d7a6,0,0.252451562
e317f327-a38d-41d1-91ab-4821688d97da,0,0.243973593
92b08566-54b5-4b16-bf34-555968b9394e,0,0.243836897
3ecfbe89-52b9-4718-9523-3fe49d24f15e,0,0.249114939
54ab9c95-c087-4cc0-81ea-6290b40ed9d0,0,0.243406396
fcb8691b-8e9f-47bc-8f76-b3c732abf483,0,0.237866585
aea27ff3-e45c-4ee9-9df3-69ca854ba732,0,0.242608713
1d563ff9-b4c8-4672-af07-f33fbf29918d,0,0.239280455
8bd361b9-1f4c-4ad4-82c5-0ef921de4252,0,0.249187747
ee66fdec-b4bd-43e8-af14-158932d5210e,0,0.23808181
1175ed9b-5a28-4b34-9ffc-57974b9294e0,0,0.2373516
33bd6463-a532-426c-9363-4c56a1eccc04,0,0.224477316
25eb3cdf-ee4a-4f6a-a5a8-cf05fa543a2b,0,0.229134856
f4e0f1a6-b0f2-49fd-950f-6d504bac5c41,0,0.229394057
461f207c-065f-4950-a0ba-481b64e8f42e,0,0.238429206
63a9cc74-a33a-4069-9bae-a8ec169a1ef7,0,0.24316986
387967e7-be30-40af-a0bb-6d3547ecb017,0,0.223294466
4d687546-3746-48cb-a544-8d84f659c7aa,0,0.226360777
7867d2c5-4e22-4528-9096-ee497daab68a,0,0.231551009
d569f3d1-3d42-4d37-958c-68fd6040a0df,0,0.231724591
68c6ac79-9440-4a4e-9f72-dbef698fa436,0,0.234952084
b5252358-fb5a-4077-b9c6-c6445282bcb4,0,0.227080607
dd9db18d-aa14-4047-8f8b-781f62080529,0,0.225790264
54c2c752-8ee6-4a5f-9ff1-9364021292d5,0,0.237449248
478e3855-940d-4dc5-bd8c-93670d3cce2b,0,0.208414586
fd6f459f-40b5-455f-a177-70fecce28090,0,0.197762032
0f0af6c2-c8cf-466a-a434-2c98630364d5,0,0.20279725
a32416f4-b83a-4d40-af46-9c30362e5abe,0,0.201477232
69808a4c-88bd-44ac-ba09-fcbac8ac5060,0,0.207598279
4f9ff899-60bd-4e51-9b93-3c6779f6af0f,0,0.214502755
f12cc3cf-3e2f-4f0b-8611-c02b911e9a14,0,0.193139077
fe688591-ebfd-4b99-9674-8fecd61d029c,0,0.196553954
c85e2d9d-9e85-404c-a6fd-2228a646c9bb,0,0.200788847
52e8a58a-cb72-4066-b533-0344a45d60b5,0,0.209639051
28051c79-d32e-4438-b6e4-f3acd9b4a23f,0,0.202445762
08438e50-d88e-4815-a485-d7ccdb139170,0,0.19665352
be53a5c7-3854-4b8e-b40d-69d876ec8ffb,0,0.201914222
ec8bdb62-6d9e-4117-8bb1-a7b372ba2ad0,0,0.206881561
c9edf67c-77e0-4883-8bc8-2bb098b19b9f,0,0.197550941
317a8917-7d74-4609-8e5c-50dd8f7180e3,0,0.201065739
dd835392-0bb6-4d09-8430-cd09ef33b374,0,0.192104507
b1a3ba1a-9e27-4296-8841-67971016b6f0,0,0.191419258
ab4f221b-f2ab-4b89-a6fa-0443a6352c80,0,0.197130757
f90eec9f-3ec3-4b33-b71c-7fc1736e41c6,0,0.195874871
3f368930-d591-4aa0-ac76-cc5c729aebd2,0,0.20032029
d30f4b62-14e5-428b-afb4-b3f5dbcccdfd,0,0.196185939
2d3ee301-2c3b-455a-861c-a81233f40554,0,0.196350362
59e72643-dc0f-4516-a50f-85baf4493b5a,0,0.202296475
4566d0be-c456-4f1d-87a0-ccf2cde3692d,0,0.196819202
8ae6057a-1ae7-4b84-bc92-373374f96945,0,0.203431672
34535b77-12ed-4820-a08a-7f3e686fbf89,0,0.190340067
7e1d8906-e8bd-4ba4-af38-e0667a5e27bd,0,0.186317474
ef1c9382-272d-49e3-b8de-3e9a5a75a467,0,0.184907359
92f601cc-1cb8-401e-9b4e-2c6b81603ec4,0,0.183910347
a08e8e70-e940-4f0b-b670-f8c812330e32,0,0.201708719
1434c18f-01ab-456d-84b7-d5a9c95968f4,0,0.181611015
7439b5a1-0df5-497c-9ae5-8a2350bea788,0,0.178362576
e240ff41-cac0-41c3-b9ff-805a5069c6d7,0,0.171012687
88944766-a8c0-4957-a934-a67867b0e329,0,0.18053086
36b68b85-da63-4285-b0bc-2ba8ba3896a4,0,0.184814485
29579d89-8ee7-4fe8-aab4-13c9d8f25a24,0,0.171821901
37c57bed-ec21-48f6-8788-1c5358b5286a,0,0.171667216
5a738d1e-d581-471d-9a63-8822b9a14cfe,1,0.035882643
d66076f6-49e6-49e6-ba09-03a0116e6c1c,1,0.027746334
339f3527-b4f7-46d8-a27f-9519c392d90b,1,0.034907352
bc106408-0d88-4ddd-a642-fb5e65181f99,1,0.030009846
85a727f9-0d2e-4bfa-9599-323dfb34aa09,1,0.038797752
cadc8215-1a4f-4a5c-bd69-07730bfc1bbb,1,0.045617638
bf00db09-537c-42ec-87c0-384a4762f06f,1,0.041265562
fa3a0ebb-6476-4c0d-beac-099510593b0d,1,0.046194557
00f7b3bb-6ef6-487c-b144-2658e3e4d3ad,1,0.036251853
eef403bb-d786-4ba8-8fca-1f152ba95567,1,0.058878957
a61778fe-6165-45f3-853b-20c6696a6239,1,0.032404835
42aaff82-fba3-49f1-91a2-b76f0911c71a,1,0.051088661
19503cde-f499-43be-bd35-a086c08e1856,1,0.051460391
51d744b6-4c7d-4c99-bb95-32f8e09d96fc,1,0.061504047
bcbb4cdc-c13f-42a1-ac52-2ac8c6b3bc6c,1,0.045527579
685eee87-0d03-4ac6-aab6-0b1c92206e39,1,0.048794236
98fc950b-41b1-42fb-a48e-6d9d7fe04d14,1,0.064859979
e21bb06a-cd62-4bba-beb5-856a9d7eac5d,1,0.069796122
5b4a8c2d-0df5-4bcd-837e-4840b0339245,1,0.079066382
b32ced97-96eb-4ec2-8751-3a17c04ae9bb,1,0.073449621
7daa3e63-6a36-4799-a681-05ecc5c7f789,1,0.059386545
d0d15d78-bc31-4abe-907e-2ece1839f14f,1,0.053954271
2d668f29-a646-4c73-87a4-0c02f47cfda8,1,0.080097231
039cee86-c80e-4cac-b9bf-6c75ea050d57,1,0.058998343
2e85e2a5-2393-4df3-b461-aba436ba38db,1,0.058806456
4ef04d83-f82a-4ad8-8de9-5e0409f521b3,1,0.061731299
5eb9c847-0b34-4fe3-9df1-1505de3e5138,1,0.060592775
62b6f3ae-58b1-4c7f-917a-2f2c269997a5,1,0.072422368
225a95b4-8e0e-4603-bae8-5aaba1baf8c1,1,0.076855636
214da729-6d76-4350-a32f-7b4b48c8204c,1,0.074623549
d91950d0-b38d-45d5-ad20-60f57351eccf,1,0.084388265
5aa54622-e060-4f03-af51-5d76908a1a31,1,0.079971395
81406eca-87f1-40c8-bcf0-1a09b5596070,1,0.081799952
07e477e7-2d1e-4cf3-95b8-a4dac4399f69,1,0.075092643
d66b90fd-368b-40ee-8031-b813859b8868,1,0.076109048
90f0b712-bb68-47e8-8d0c-0f26b4e84097,1,0.085941979
697d8073-aae9-41da-bbc3-36afe5b1ea9b,1,0.082270761
efa24b30-f2a9-4c99-a13e-b7397d9a4834,1,0.080936551
70a01662-9572-4d77-846a-fea05d67c44e,1,0.084905179
06362b34-26e0-4534-949c-e565ebd3750f,1,0.107924007
36d309da-ee37-4fe2-addb-fb6682ea0ab9,1,0.108310013
09e92eff-2487-465d-b773-45244e925ead,1,0.102541058
a5d2cce9-d661-4cdd-90ae-cb8a6a4eae0f,1,0.094711611
6716bf6e-f45c-42be-8db9-3df855bb6b69,1,0.111718074
6b5db1d2-cc64-420e-b733-751cba13d809,1,0.107890232
1df11359-0842-4813-b2d7-235c9c17c193,1,0.11183442
8fe69a2a-d63f-49c5-93f3-65960c1f8a38,1,0.113590311
941d70bf-6959-4322-abc7-39ae6cf13588,1,0.133087374
b4f03e55-6506-4949-9707-a15ca5a766ea,1,0.144654897
72eccefc-f612-48d6-aa6f-852ae829cfce,1,0.145873067
58d6a8f4-6ae4-44e4-b82d-786c11524d0d,1,0.146866914
6f427029-c37f-4786-8591-1d60895b39a0,1,0.13601207
2d2cfa4c-9093-4be7-abcf-b028244e3a7b,1,0.151294858
e2d9fc96-2734-4581-82c6-a4bd2c3d2f2a,1,0.140365797
3e0ad01c-274e-46c8-abb5-a8049b54606f,1,0.163373388
c4a7892c-990e-48aa-87a7-e50021bb4d75,1,0.128542914
3361e3dc-64d7-4cbc-9a83-e00f23272445,1,0.143011708
c6b4f5c6-a11e-4635-9f5e-84c79544c673,1,0.156570597
63e91384-4cc0-4465-8dfa-f013afb81b47,1,0.14969314
43b5cca8-b687-4574-8932-e85f9ebfa6c0,1,0.130856416
c916d292-ccda-4684-85f9-5e8ddca5a81b,1,0.149163423
b31383b1-3c02-45dd-baea-603d272ca9ad,1,0.152452562
a2623ddb-e116-4639-9d2c-1625785a2fdb,1,0.144842085
930c6cfb-046c-486d-9689-e7595c344b5a,1,0.150691694
92b08566-54b5-4b16-bf34-555968b9394e,1,0.143303345
fa08641c-bd01-46b9-be5e-cbf82446d7a6,1,0.147579608
2c4b7f55-c19e-4abe-b738-d0eb3e5d6901,1,0.165300189
95641bd2-d55a-4bbe-ade9-f211ff3a86e4,1,0.164606832
54ab9c95-c087-4cc0-81ea-6290b40ed9d0,1,0.157738884
3ecfbe89-52b9-4718-9523-3fe49d24f15e,1,0.162539671
1d563ff9-b4c8-4672-af07-f33fbf29918d,1,0.153189702
fcb8691b-8e9f-47bc-8f76-b3c732abf483,1,0.159822591
8bd361b9-1f4c-4ad4-82c5-0ef921de4252,1,0.154932537
e317f327-a38d-41d1-91ab-4821688d97da,1,0.170257678
aea27ff3-e45c-4ee9-9df3-69ca854ba732,1,0.162852943
f4e0f1a6-b0f2-49fd-950f-6d504bac5c41,1,0.147343692
461f207c-065f-4950-a0ba-481b64e8f42e,1,0.147281286
25eb3cdf-ee4a-4f6a-a5a8-cf05fa543a2b,1,0.153612764
1175ed9b-5a28-4b34-9ffc-57974b9294e0,1,0.16366125
33bd6463-a532-426c-9363-4c56a1eccc04,1,0.163165626
387967e7-be30-40af-a0bb-6d3547ecb017,1,0.15215622
4d687546-3746-48cb-a544-8d84f659c7aa,1,0.150290849
ee66fdec-b4bd-43e8-af14-158932d5210e,1,0.151440195
7867d2c5-4e22-4528-9096-ee497daab68a,1,0.155943439
54c2c752-8ee6-4a5f-9ff1-9364021292d5,1,0.152704695
63a9cc74-a33a-4069-9bae-a8ec169a1ef7,1,0.171457242
68c6ac79-9440-4a4e-9f72-dbef698fa436,1,0.156947708
478e3855-940d-4dc5-bd8c-93670d3cce2b,1,0.152932472
a32416f4-b83a-4d40-af46-9c30362e5abe,1,0.150528688
b5252358-fb5a-4077-b9c6-c6445282bcb4,1,0.154001995
0f0af6c2-c8cf-466a-a434-2c98630364d5,1,0.150934995
4f9ff899-60bd-4e51-9b93-3c6779f6af0f,1,0.155810443
d569f3d1-3d42-4d37-958c-68fd6040a0df,1,0.162837083
dd9db18d-aa14-4047-8f8b-781f62080529,1,0.165136967
28051c79-d32e-4438-b6e4-f3acd9b4a23f,1,0.153195557
c85e2d9d-9e85-404c-a6fd-2228a646c9bb,1,0.152593117
69808a4c-88bd-44ac-ba09-fcbac8ac5060,1,0.160998597
52e8a58a-cb72-4066-b533-0344a45d60b5,1,0.152995455
fe688591-ebfd-4b99-9674-8fecd61d029c,1,0.160193699
be53a5c7-3854-4b8e-b40d-69d876ec8ffb,1,0.153273135
c9edf67c-77e0-4883-8bc8-2bb098b19b9f,1,0.150634123
f12cc3cf-3e2f-4f0b-8611-c02b911e9a14,1,0.16007839
fd6f459f-40b5-455f-a177-70fecce28090,1,0.160663221
ec8bdb62-6d9e-4117-8bb1-a7b372ba2ad0,1,0.157800803
dd835392-0bb6-4d09-8430-cd09ef33b374,1,0.14469142
d30f4b62-14e5-428b-afb4-b3f5dbcccdfd,1,0.148726777
f90eec9f-3ec3-4b33-b71c-7fc1736e41c6,1,0.15654611
08438e50-d88e-4815-a485-d7ccdb139170,1,0.161716615
317a8917-7d74-4609-8e5c-50dd8f7180e3,1,0.15653684
b1a3ba1a-9e27-4296-8841-67971016b6f0,1,0.152396343
8ae6057a-1ae7-4b84-bc92-373374f96945,1,0.156223276
4566d0be-c456-4f1d-87a0-ccf2cde3692d,1,0.1559199
3f368930-d591-4aa0-ac76-cc5c729aebd2,1,0.181764022
2d3ee301-2c3b-455a-861c-a81233f40554,1,0.173939966
ab4f221b-f2ab-4b89-a6fa-0443a6352c80,1,0.177396615
7e1d8906-e8bd-4ba4-af38-e0667a5e27bd,1,0.176432665
34535b77-12ed-4820-a08a-7f3e686fbf89,1,0.178932994
1434c18f-01ab-456d-84b7-d5a9c95968f4,1,0.170994228
59e72643-dc0f-4516-a50f-85baf4493b5a,1,0.178282528
92f601cc-1cb8-401e-9b4e-2c6b81603ec4,1,0.182326046
a08e8e70-e940-4f0b-b670-f8c812330e32,1,0.176809209
ef1c9382-272d-49e3-b8de-3e9a5a75a467,1,0.188784074
29579d89-8ee7-4fe8-aab4-13c9d8f25a24,1,0.17393015
7439b5a1-0df5-497c-9ae5-8a2350bea788,1,0.181033056
88944766-a8c0-4957-a934-a67867b0e329,1,0.169105105
e240ff41-cac0-41c3-b9ff-805a5069c6d7,1,0.168670185
37c57bed-ec21-48f6-8788-1c5358b5286a,1,0.167597864
36b68b85-da63-4285-b0bc-2ba8ba3896a4,1,0.166757991
85a727f9-0d2e-4bfa-9599-323dfb34aa09,2,0.010249963
bc106408-0d88-4ddd-a642-fb5e65181f99,2,0.014530615
d66076f6-49e6-49e6-ba09-03a0116e6c1c,2,0.020508925
339f3527-b4f7-46d8-a27f-9519c392d90b,2,0.020854033
5a738d1e-d581-471d-9a63-8822b9a14cfe,2,0.0281717
fa3a0ebb-6476-4c0d-beac-099510593b0d,2,0.012347395
00f7b3bb-6ef6-487c-b144-2658e3e4d3ad,2,0.012976413
eef403bb-d786-4ba8-8fca-1f152ba95567,2,0.014843632
cadc8215-1a4f-4a5c-bd69-07730bfc1bbb,2,0.026726143
bf00db09-537c-42ec-87c0-384a4762f06f,2,0.027140098
51d744b6-4c7d-4c99-bb95-32f8e09d96fc,2,0.007100124
bcbb4cdc-c13f-42a1-ac52-2ac8c6b3bc6c,2,0.009428566
19503cde-f499-43be-bd35-a086c08e1856,2,0.017218593
a61778fe-6165-45f3-853b-20c6696a6239,2,0.031273993
42aaff82-fba3-49f1-91a2-b76f0911c71a,2,0.028910669
685eee87-0d03-4ac6-aab6-0b1c92206e39,2,0.008366689
98fc950b-41b1-42fb-a48e-6d9d7fe04d14,2,0.008735581
e21bb06a-cd62-4bba-beb5-856a9d7eac5d,2,0.010552314
5b4a8c2d-0df5-4bcd-837e-4840b0339245,2,0.009540521
b32ced97-96eb-4ec2-8751-3a17c04ae9bb,2,0.007452451
2d668f29-a646-4c73-87a4-0c02f47cfda8,2,0.006961601
7daa3e63-6a36-4799-a681-05ecc5c7f789,2,0.013390781
d0d15d78-bc31-4abe-907e-2ece1839f14f,2,0.013008263
039cee86-c80e-4cac-b9bf-6c75ea050d57,2,0.008372964
2e85e2a5-2393-4df3-b461-aba436ba38db,2,0.008616302
4ef04d83-f82a-4ad8-8de9-5e0409f521b3,2,0.040840975
225a95b4-8e0e-4603-bae8-5aaba1baf8c1,2,0.035807081
62b6f3ae-58b1-4c7f-917a-2f2c269997a5,2,0.040571155
5eb9c847-0b34-4fe3-9df1-1505de3e5138,2,0.046656369
81406eca-87f1-40c8-bcf0-1a09b5596070,2,0.028077608
5aa54622-e060-4f03-af51-5d76908a1a31,2,0.037106659
214da729-6d76-4350-a32f-7b4b48c8204c,2,0.056112484
07e477e7-2d1e-4cf3-95b8-a4dac4399f69,2,0.033831703
d91950d0-b38d-45d5-ad20-60f57351eccf,2,0.046143077
90f0b712-bb68-47e8-8d0c-0f26b4e84097,2,0.046273424
697d8073-aae9-41da-bbc3-36afe5b1ea9b,2,0.048901511
d66b90fd-368b-40ee-8031-b813859b8868,2,0.061555825
efa24b30-f2a9-4c99-a13e-b7397d9a4834,2,0.047989966
70a01662-9572-4d77-846a-fea05d67c44e,2,0.043629969
06362b34-26e0-4534-949c-e565ebd3750f,2,0.051180139
09e92eff-2487-465d-b773-45244e925ead,2,0.037843428
a5d2cce9-d661-4cdd-90ae-cb8a6a4eae0f,2,0.03344767
36d309da-ee37-4fe2-addb-fb6682ea0ab9,2,0.04515705
6716bf6e-f45c-42be-8db9-3df855bb6b69,2,0.04276436
6b5db1d2-cc64-420e-b733-751cba13d809,2,0.051745317
1df11359-0842-4813-b2d7-235c9c17c193,2,0.041336871
8fe69a2a-d63f-49c5-93f3-65960c1f8a38,2,0.038541055
941d70bf-6959-4322-abc7-39ae6cf13588,2,0.017471735
b4f03e55-6506-4949-9707-a15ca5a766ea,2,0.01863836
58d6a8f4-6ae4-44e4-b82d-786c11524d0d,2,0.012913158
72eccefc-f612-48d6-aa6f-852ae829cfce,2,0.016820342
3e0ad01c-274e-46c8-abb5-a8049b54606f,2,0.026344452
e2d9fc96-2734-4581-82c6-a4bd2c3d2f2a,2,0.031206952
c4a7892c-990e-48aa-87a7-e50021bb4d75,2,0.025683775
2d2cfa4c-9093-4be7-abcf-b028244e3a7b,2,0.036276208
6f427029-c37f-4786-8591-1d60895b39a0,2,0.041253758
63e91384-4cc0-4465-8dfa-f013afb81b47,2,0.046188807
3361e3dc-64d7-4cbc-9a83-e00f23272445,2,0.053930035
c6b4f5c6-a11e-4635-9f5e-84c79544c673,2,0.055412736
c916d292-ccda-4684-85f9-5e8ddca5a81b,2,0.032657184
43b5cca8-b687-4574-8932-e85f9ebfa6c0,2,0.05858254
a2623ddb-e116-4639-9d2c-1625785a2fdb,2,0.051124493
b31383b1-3c02-45dd-baea-603d272ca9ad,2,0.05657793
92b08566-54b5-4b16-bf34-555968b9394e,2,0.053431915
930c6cfb-046c-486d-9689-e7595c344b5a,2,0.056723787
fa08641c-bd01-46b9-be5e-cbf82446d7a6,2,0.053149917
54ab9c95-c087-4cc0-81ea-6290b40ed9d0,2,0.064916149
fcb8691b-8e9f-47bc-8f76-b3c732abf483,2,0.062739359
3ecfbe89-52b9-4718-9523-3fe49d24f15e,2,0.065604069
2c4b7f55-c19e-4abe-b738-d0eb3e5d6901,2,0.078763995
95641bd2-d55a-4bbe-ade9-f211ff3a86e4,2,0.076642259
8bd361b9-1f4c-4ad4-82c5-0ef921de4252,2,0.081369694
f4e0f1a6-b0f2-49fd-950f-6d504bac5c41,2,0.078423283
e317f327-a38d-41d1-91ab-4821688d97da,2,0.085902593
aea27ff3-e45c-4ee9-9df3-69ca854ba732,2,0.083086302
1d563ff9-b4c8-4672-af07-f33fbf29918d,2,0.094578066
461f207c-065f-4950-a0ba-481b64e8f42e,2,0.102987158
25eb3cdf-ee4a-4f6a-a5a8-cf05fa543a2b,2,0.103885763
33bd6463-a532-426c-9363-4c56a1eccc04,2,0.099988273
1175ed9b-5a28-4b34-9ffc-57974b9294e0,2,0.102006991
387967e7-be30-40af-a0bb-6d3547ecb017,2,0.105653118
7867d2c5-4e22-4528-9096-ee497daab68a,2,0.108985948
54c2c752-8ee6-4a5f-9ff1-9364021292d5,2,0.111026821
4d687546-3746-48cb-a544-8d84f659c7aa,2,0.128987064
ee66fdec-b4bd-43e8-af14-158932d5210e,2,0.127514477
63a9cc74-a33a-4069-9bae-a8ec169a1ef7,2,0.122305567
68c6ac79-9440-4a4e-9f72-dbef698fa436,2,0.126195527
0f0af6c2-c8cf-466a-a434-2c98630364d5,2,0.118991572
b5252358-fb5a-4077-b9c6-c6445282bcb4,2,0.121672503
478e3855-940d-4dc5-bd8c-93670d3cce2b,2,0.133827091
a32416f4-b83a-4d40-af46-9c30362e5abe,2,0.132168377
d569f3d1-3d42-4d37-958c-68fd6040a0df,2,0.14241397
dd9db18d-aa14-4047-8f8b-781f62080529,2,0.143556362
4f9ff899-60bd-4e51-9b93-3c6779f6af0f,2,0.147601446
c85e2d9d-9e85-404c-a6fd-2228a646c9bb,2,0.14083404
69808a4c-88bd-44ac-ba09-fcbac8ac5060,2,0.136692512
52e8a58a-cb72-4066-b533-0344a45d60b5,2,0.150352636
fe688591-ebfd-4b99-9674-8fecd61d029c,2,0.151112609
28051c79-d32e-4438-b6e4-f3acd9b4a23f,2,0.154794205
be53a5c7-3854-4b8e-b40d-69d876ec8ffb,2,0.153372183
c9edf67c-77e0-4883-8bc8-2bb098b19b9f,2,0.154605116
ec8bdb62-6d9e-4117-8bb1-a7b372ba2ad0,2,0.160487386
fd6f459f-40b5-455f-a177-70fecce28090,2,0.16887519
f12cc3cf-3e2f-4f0b-8611-c02b911e9a14,2,0.171602598
dd835392-0bb6-4d09-8430-cd09ef33b374,2,0.165980113
d30f4b62-14e5-428b-afb4-b3f5dbcccdfd,2,0.168494895
f90eec9f-3ec3-4b33-b71c-7fc1736e41c6,2,0.178687867
08438e50-d88e-4815-a485-d7ccdb139170,2,0.180416498
b1a3ba1a-9e27-4296-8841-67971016b6f0,2,0.170724072
317a8917-7d74-4609-8e5c-50dd8f7180e3,2,0.180432856
8ae6057a-1ae7-4b84-bc92-373374f96945,2,0.185167462
2d3ee301-2c3b-455a-861c-a81233f40554,2,0.164059882
3f368930-d591-4aa0-ac76-cc5c729aebd2,2,0.167855512
4566d0be-c456-4f1d-87a0-ccf2cde3692d,2,0.192005486
ab4f221b-f2ab-4b89-a6fa-0443a6352c80,2,0.168937984
92f601cc-1cb8-401e-9b4e-2c6b81603ec4,2,0.171495982
7e1d8906-e8bd-4ba4-af38-e0667a5e27bd,2,0.181988457
1434c18f-01ab-456d-84b7-d5a9c95968f4,2,0.176870534
59e72643-dc0f-4516-a50f-85baf4493b5a,2,0.175131075
34535b77-12ed-4820-a08a-7f3e686fbf89,2,0.187299955
ef1c9382-272d-49e3-b8de-3e9a5a75a467,2,0.177027842
7439b5a1-0df5-497c-9ae5-8a2350bea788,2,0.173328328
29579d89-8ee7-4fe8-aab4-13c9d8f25a24,2,0.177048236
a08e8e70-e940-4f0b-b670-f8c812330e32,2,0.185229519
88944766-a8c0-4957-a934-a67867b0e329,2,0.175111097
36b68b85-da63-4285-b0bc-2ba8ba3896a4,2,0.174596496
37c57bed-ec21-48f6-8788-1c5358b5286a,2,0.185874122
e240ff41-cac0-41c3-b9ff-805a5069c6d7,2,0.187569252
d66076f6-49e6-49e6-ba09-03a0116e6c1c,3,0.010311823
339f3527-b4f7-46d8-a27f-9519c392d90b,3,0.009527682
5a738d1e-d581-471d-9a63-8822b9a14cfe,3,0.010064321
bc106408-0d88-4ddd-a642-fb5e65181f99,3,0.016132948
85a727f9-0d2e-4bfa-9599-323dfb34aa09,3,0.018948617
eef403bb-d786-4ba8-8fca-1f152ba95567,3,0.007940941
cadc8215-1a4f-4a5c-bd69-07730bfc1bbb,3,0.006433741
00f7b3bb-6ef6-487c-b144-2658e3e4d3ad,3,0.015738304
bf00db09-537c-42ec-87c0-384a4762f06f,3,0.009409467
fa3a0ebb-6476-4c0d-beac-099510593b0d,3,0.022808697
51d744b6-4c7d-4c99-bb95-32f8e09d96fc,3,0.006410308
42aaff82-fba3-49f1-91a2-b76f0911c71a,3,0.006835349
19503cde-f499-43be-bd35-a086c08e1856,3,0.011474505
bcbb4cdc-c13f-42a1-ac52-2ac8c6b3bc6c,3,0.017164435
a61778fe-6165-45f3-853b-20c6696a6239,3,0.013530298
685eee87-0d03-4ac6-aab6-0b1c92206e39,3,0.006759004
98fc950b-41b1-42fb-a48e-6d9d7fe04d14,3,0.005938212
e21bb06a-cd62-4bba-beb5-856a9d7eac5d,3,0.008058327
5b4a8c2d-0df5-4bcd-837e-4840b0339245,3,0.00950019
b32ced97-96eb-4ec2-8751-3a17c04ae9bb,3,0.008145463
d0d15d78-bc31-4abe-907e-2ece1839f14f,3,0.014437416
2d668f29-a646-4c73-87a4-0c02f47cfda8,3,0.018604064
7daa3e63-6a36-4799-a681-05ecc5c7f789,3,0.019136165
2e85e2a5-2393-4df3-b461-aba436ba38db,3,0.012786216
039cee86-c80e-4cac-b9bf-6c75ea050d57,3,0.015711399
4ef04d83-f82a-4ad8-8de9-5e0409f521b3,3,0.028750655
225a95b4-8e0e-4603-bae8-5aaba1baf8c1,3,0.030154093
5eb9c847-0b34-4fe3-9df1-1505de3e5138,3,0.026810738
62b6f3ae-58b1-4c7f-917a-2f2c269997a5,3,0.033273777
214da729-6d76-4350-a32f-7b4b48c8204c,3,0.029314206
d91950d0-b38d-45d5-ad20-60f57351eccf,3,0.027282686
81406eca-87f1-40c8-bcf0-1a09b5596070,3,0.043442411
5aa54622-e060-4f03-af51-5d76908a1a31,3,0.04089659
07e477e7-2d1e-4cf3-95b8-a4dac4399f69,3,0.033196265
90f0b712-bb68-47e8-8d0c-0f26b4e84097,3,0.038726853
efa24b30-f2a9-4c99-a13e-b7397d9a4834,3,0.034298745
70a01662-9572-4d77-846a-fea05d67c44e,3,0.031639005
697d8073-aae9-41da-bbc3-36afe5b1ea9b,3,0.039573821
d66b90fd-368b-40ee-8031-b813859b8868,3,0.040185277
36d309da-ee37-4fe2-addb-fb6682ea0ab9,3,0.031603236
a5d2cce9-d661-4cdd-90ae-cb8a6a4eae0f,3,0.036108991
06362b34-26e0-4534-949c-e565ebd3750f,3,0.04291285
09e92eff-2487-465d-b773-45244e925ead,3,0.041798029
6716bf6e-f45c-42be-8db9-3df855bb6b69,3,0.027696405
941d70bf-6959-4322-abc7-39ae6cf13588,3,0.031159957
1df11359-0842-4813-b2d7-235c9c17c193,3,0.03743403
b4f03e55-6506-4949-9707-a15ca5a766ea,3,0.02414736
6b5db1d2-cc64-420e-b733-751cba13d809,3,0.044480823
8fe69a2a-d63f-49c5-93f3-65960c1f8a38,3,0.041286648
c4a7892c-990e-48aa-87a7-e50021bb4d75,3,0.016812284
e2d9fc96-2734-4581-82c6-a4bd2c3d2f2a,3,0.021499452
72eccefc-f612-48d6-aa6f-852ae829cfce,3,0.050240173
58d6a8f4-6ae4-44e4-b82d-786c11524d0d,3,0.051656194
3e0ad01c-274e-46c8-abb5-a8049b54606f,3,0.024526481
2d2cfa4c-9093-4be7-abcf-b028244e3a7b,3,0.030275637
6f427029-c37f-4786-8591-1d60895b39a0,3,0.040874073
c6b4f5c6-a11e-4635-9f5e-84c79544c673,3,0.019314335
63e91384-4cc0-4465-8dfa-f013afb81b47,3,0.031436715
3361e3dc-64d7-4cbc-9a83-e00f23272445,3,0.028421977
43b5cca8-b687-4574-8932-e85f9ebfa6c0,3,0.03745548
a2623ddb-e116-4639-9d2c-1625785a2fdb,3,0.019573998
c916d292-ccda-4684-85f9-5e8ddca5a81b,3,0.043760813
b31383b1-3c02-45dd-baea-603d272ca9ad,3,0.018653645
930c6cfb-046c-486d-9689-e7595c344b5a,3,0.019819614
92b08566-54b5-4b16-bf34-555968b9394e,3,0.025473113
fa08641c-bd01-46b9-be5e-cbf82446d7a6,3,0.025673701
2c4b7f55-c19e-4abe-b738-d0eb3e5d6901,3,0.012168275
54ab9c95-c087-4cc0-81ea-6290b40ed9d0,3,0.018913171
3ecfbe89-52b9-4718-9523-3fe49d24f15e,3,0.01589709
fcb8691b-8e9f-47bc-8f76-b3c732abf483,3,0.018710371
95641bd2-d55a-4bbe-ade9-f211ff3a86e4,3,0.014774994
8bd361b9-1f4c-4ad4-82c5-0ef921de4252,3,0.008378036
f4e0f1a6-b0f2-49fd-950f-6d504bac5c41,3,0.007409467
aea27ff3-e45c-4ee9-9df3-69ca854ba732,3,0.009437378
e317f327-a38d-41d1-91ab-4821688d97da,3,0.011746729
1d563ff9-b4c8-4672-af07-f33fbf29918d,3,0.007284827
461f207c-065f-4950-a0ba-481b64e8f42e,3,0.018482441
1175ed9b-5a28-4b34-9ffc-57974b9294e0,3,0.015594304
25eb3cdf-ee4a-4f6a-a5a8-cf05fa543a2b,3,0.020956918
33bd6463-a532-426c-9363-4c56a1eccc04,3,0.019183275
387967e7-be30-40af-a0bb-6d3547ecb017,3,0.014089714
7867d2c5-4e22-4528-9096-ee497daab68a,3,0.009612896
54c2c752-8ee6-4a5f-9ff1-9364021292d5,3,0.010086619
ee66fdec-b4bd-43e8-af14-158932d5210e,3,0.009157044
63a9cc74-a33a-4069-9bae-a8ec169a1ef7,3,0.006837887
4d687546-3746-48cb-a544-8d84f659c7aa,3,0.018528373
0f0af6c2-c8cf-466a-a434-2c98630364d5,3,0.007086444
68c6ac79-9440-4a4e-9f72-dbef698fa436,3,0.012673738
478e3855-940d-4dc5-bd8c-93670d3cce2b,3,0.005513874
a32416f4-b83a-4d40-af46-9c30362e5abe,3,0.006571558
b5252358-fb5a-4077-b9c6-c6445282bcb4,3,0.011898833
4f9ff899-60bd-4e51-9b93-3c6779f6af0f,3,0.006698296
d569f3d1-3d42-4d37-958c-68fd6040a0df,3,0.012815447
69808a4c-88bd-44ac-ba09-fcbac8ac5060,3,0.007031894
c85e2d9d-9e85-404c-a6fd-2228a646c9bb,3,0.010989615
dd9db18d-aa14-4047-8f8b-781f62080529,3,0.01615301
fe688591-ebfd-4b99-9674-8fecd61d029c,3,0.006646349
28051c79-d32e-4438-b6e4-f3acd9b4a23f,3,0.007577576
be53a5c7-3854-4b8e-b40d-69d876ec8ffb,3,0.006561236
52e8a58a-cb72-4066-b533-0344a45d60b5,3,0.014979041
c9edf67c-77e0-4883-8bc8-2bb098b19b9f,3,0.006954265
ec8bdb62-6d9e-4117-8bb1-a7b372ba2ad0,3,0.008299678
dd835392-0bb6-4d09-8430-cd09ef33b374,3,0.010694869
fd6f459f-40b5-455f-a177-70fecce28090,3,0.014572316
f12cc3cf-3e2f-4f0b-8611-c02b911e9a14,3,0.01484937
d30f4b62-14e5-428b-afb4-b3f5dbcccdfd,3,0.010368748
f90eec9f-3ec3-4b33-b71c-7fc1736e41c6,3,0.007500949
08438e50-d88e-4815-a485-d7ccdb139170,3,0.014684647
317a8917-7d74-4609-8e5c-50dd8f7180e3,3,0.017990144
b1a3ba1a-9e27-4296-8841-67971016b6f0,3,0.018245634
3f368930-d591-4aa0-ac76-cc5c729aebd2,3,0.009102613
2d3ee301-2c3b-455a-861c-a81233f40554,3,0.011818905
4566d0be-c456-4f1d-87a0-ccf2cde3692d,3,0.008992473
8ae6057a-1ae7-4b84-bc92-373374f96945,3,0.019748651
ab4f221b-f2ab-4b89-a6fa-0443a6352c80,3,0.011675485
1434c18f-01ab-456d-84b7-d5a9c95968f4,3,0.029401099
92f601cc-1cb8-401e-9b4e-2c6b81603ec4,3,0.033125963
34535b77-12ed-4820-a08a-7f3e686fbf89,3,0.027645269
7e1d8906-e8bd-4ba4-af38-e0667a5e27bd,3,0.033500351
59e72643-dc0f-4516-a50f-85baf4493b5a,3,0.033878958
88944766-a8c0-4957-a934-a67867b0e329,3,0.035886852
7439b5a1-0df5-497c-9ae5-8a2350bea788,3,0.043884955
a08e8e70-e940-4f0b-b670-f8c812330e32,3,0.044239492
ef1c9382-272d-49e3-b8de-3e9a5a75a467,3,0.050510191
29579d89-8ee7-4fe8-aab4-13c9d8f25a24,3,0.048519663
e240ff41-cac0-41c3-b9ff-805a5069c6d7,3,0.042387393
37c57bed-ec21-48f6-8788-1c5358b5286a,3,0.045991757
36b68b85-da63-4285-b0bc-2ba8ba3896a4,3,0.055653562
bc106408-0d88-4ddd-a642-fb5e65181f99,4,0.020569429
85a727f9-0d2e-4bfa-9599-323dfb34aa09,4,0.025032764
5a738d1e-d581-471d-9a63-8822b9a14cfe,4,0.029066489
d66076f6-49e6-49e6-ba09-03a0116e6c1c,4,0.03571952
339f3527-b4f7-46d8-a27f-9519c392d90b,4,0.036218086
eef403bb-d786-4ba8-8fca-1f152ba95567,4,0.023626066
bf00db09-537c-42ec-87c0-384a4762f06f,4,0.018418024
cadc8215-1a4f-4a5c-bd69-07730bfc1bbb,4,0.024604467
fa3a0ebb-6476-4c0d-beac-099510593b0d,4,0.019535543
00f7b3bb-6ef6-487c-b144-2658e3e4d3ad,4,0.026365434
51d744b6-4c7d-4c99-bb95-32f8e09d96fc,4,0.014855903
19503cde-f499-43be-bd35-a086c08e1856,4,0.012519699
a61778fe-6165-45f3-853b-20c6696a6239,4,0.009993576
bcbb4cdc-c13f-42a1-ac52-2ac8c6b3bc6c,4,0.012604198
42aaff82-fba3-49f1-91a2-b76f0911c71a,4,0.021483535
685eee87-0d03-4ac6-aab6-0b1c92206e39,4,0.017351324
98fc950b-41b1-42fb-a48e-6d9d7fe04d14,4,0.016150598
e21bb06a-cd62-4bba-beb5-856a9d7eac5d,4,0.011114794
5b4a8c2d-0df5-4bcd-837e-4840b0339245,4,0.012778404
b32ced97-96eb-4ec2-8751-3a17c04ae9bb,4,0.013349555
7daa3e63-6a36-4799-a681-05ecc5c7f789,4,0.013445912
2d668f29-a646-4c73-87a4-0c02f47cfda8,4,0.018643113
2e85e2a5-2393-4df3-b461-aba436ba38db,4,0.015886576
039cee86-c80e-4cac-b9bf-6c75ea050d57,4,0.016469926
d0d15d78-bc31-4abe-907e-2ece1839f14f,4,0.026199267
5eb9c847-0b34-4fe3-9df1-1505de3e5138,4,0.008121749
225a95b4-8e0e-4603-bae8-5aaba1baf8c1,4,0.011788179
62b6f3ae-58b1-4c7f-917a-2f2c269997a5,4,0.009246183
4ef04d83-f82a-4ad8-8de9-5e0409f521b3,4,0.018904536
07e477e7-2d1e-4cf3-95b8-a4dac4399f69,4,0.018820899
d91950d0-b38d-45d5-ad20-60f57351eccf,4,0.028264036
5aa54622-e060-4f03-af51-5d76908a1a31,4,0.022944895
81406eca-87f1-40c8-bcf0-1a09b5596070,4,0.026747128
214da729-6d76-4350-a32f-7b4b48c8204c,4,0.034288176
70a01662-9572-4d77-846a-fea05d67c44e,4,0.021582418
d66b90fd-368b-40ee-8031-b813859b8868,4,0.020597664
697d8073-aae9-41da-bbc3-36afe5b1ea9b,4,0.023157767
efa24b30-f2a9-4c99-a13e-b7397d9a4834,4,0.026226884
90f0b712-bb68-47e8-8d0c-0f26b4e84097,4,0.03713699
a5d2cce9-d661-4cdd-90ae-cb8a6a4eae0f,4,0.057135466
941d70bf-6959-4322-abc7-39ae6cf13588,4,0.043124349
36d309da-ee37-4fe2-addb-fb6682ea0ab9,4,0.069178583
09e92eff-2487-465d-b773-45244e925ead,4,0.064011171
6716bf6e-f45c-42be-8db9-3df855bb6b69,4,0.067536532
6b5db1d2-cc64-420e-b733-751cba13d809,4,0.0724566
06362b34-26e0-4534-949c-e565ebd3750f,4,0.0985831
1df11359-0842-4813-b2d7-235c9c17c193,4,0.081637225
b4f03e55-6506-4949-9707-a15ca5a766ea,4,0.079873297
8fe69a2a-d63f-49c5-93f3-65960c1f8a38,4,0.078357762
c4a7892c-990e-48aa-87a7-e50021bb4d75,4,0.090809046
3e0ad01c-274e-46c8-abb5-a8049b54606f,4,0.088973456
e2d9fc96-2734-4581-82c6-a4bd2c3d2f2a,4,0.094686949
58d6a8f4-6ae4-44e4-b82d-786c11524d0d,4,0.095243181
72eccefc-f612-48d6-aa6f-852ae829cfce,4,0.097872623
c6b4f5c6-a11e-4635-9f5e-84c79544c673,4,0.096144246
6f427029-c37f-4786-8591-1d60895b39a0,4,0.10573433
2d2cfa4c-9093-4be7-abcf-b028244e3a7b,4,0.122573353
3361e3dc-64d7-4cbc-9a83-e00f23272445,4,0.102411481
63e91384-4cc0-4465-8dfa-f013afb81b47,4,0.1062328
a2623ddb-e116-4639-9d2c-1625785a2fdb,4,0.115386452
c916d292-ccda-4684-85f9-5e8ddca5a81b,4,0.117546433
43b5cca8-b687-4574-8932-e85f9ebfa6c0,4,0.123097963
930c6cfb-046c-486d-9689-e7595c344b5a,4,0.123528037
b31383b1-3c02-45dd-baea-603d272ca9ad,4,0.138244386
92b08566-54b5-4b16-bf34-555968b9394e,4,0.148574435
2c4b7f55-c19e-4abe-b738-d0eb3e5d6901,4,0.127134539
fa08641c-bd01-46b9-be5e-cbf82446d7a6,4,0.1534442
54ab9c95-c087-4cc0-81ea-6290b40ed9d0,4,0.138749807
3ecfbe89-52b9-4718-9523-3fe49d24f15e,4,0.13755446
8bd361b9-1f4c-4ad4-82c5-0ef921de4252,4,0.158588113
95641bd2-d55a-4bbe-ade9-f211ff3a86e4,4,0.168879358
fcb8691b-8e9f-47bc-8f76-b3c732abf483,4,0.175703755
f4e0f1a6-b0f2-49fd-950f-6d504bac5c41,4,0.173928628
aea27ff3-e45c-4ee9-9df3-69ca854ba732,4,0.168716971
461f207c-065f-4950-a0ba-481b64e8f42e,4,0.163152118
1d563ff9-b4c8-4672-af07-f33fbf29918d,4,0.193569299
e317f327-a38d-41d1-91ab-4821688d97da,4,0.195898139
1175ed9b-5a28-4b34-9ffc-57974b9294e0,4,0.178477164
25eb3cdf-ee4a-4f6a-a5a8-cf05fa543a2b,4,0.190537101
33bd6463-a532-426c-9363-4c56a1eccc04,4,0.209342369
7867d2c5-4e22-4528-9096-ee497daab68a,4,0.19434614
387967e7-be30-40af-a0bb-6d3547ecb017,4,0.224673475
ee66fdec-b4bd-43e8-af14-158932d5210e,4,0.217924669
54c2c752-8ee6-4a5f-9ff1-9364021292d5,4,0.220072018
4d687546-3746-48cb-a544-8d84f659c7aa,4,0.212825523
0f0af6c2-c8cf-466a-a434-2c98630364d5,4,0.211646187
478e3855-940d-4dc5-bd8c-93670d3cce2b,4,0.209337963
68c6ac79-9440-4a4e-9f72-dbef698fa436,4,0.211234726
63a9cc74-a33a-4069-9bae-a8ec169a1ef7,4,0.221630892
69808a4c-88bd-44ac-ba09-fcbac8ac5060,4,0.18718466
b5252358-fb5a-4077-b9c6-c6445282bcb4,4,0.216551351
4f9ff899-60bd-4e51-9b93-3c6779f6af0f,4,0.195588705
a32416f4-b83a-4d40-af46-9c30362e5abe,4,0.219813066
d569f3d1-3d42-4d37-958c-68fd6040a0df,4,0.195587129
28051c79-d32e-4438-b6e4-f3acd9b4a23f,4,0.180054441
be53a5c7-3854-4b8e-b40d-69d876ec8ffb,4,0.180151056
c85e2d9d-9e85-404c-a6fd-2228a646c9bb,4,0.200579451
dd9db18d-aa14-4047-8f8b-781f62080529,4,0.200183146
fe688591-ebfd-4b99-9674-8fecd61d029c,4,0.187554802
52e8a58a-cb72-4066-b533-0344a45d60b5,4,0.19119932
c9edf67c-77e0-4883-8bc8-2bb098b19b9f,4,0.189954427
ec8bdb62-6d9e-4117-8bb1-a7b372ba2ad0,4,0.178601597
fd6f459f-40b5-455f-a177-70fecce28090,4,0.165608332
dd835392-0bb6-4d09-8430-cd09ef33b374,4,0.166998425
f90eec9f-3ec3-4b33-b71c-7fc1736e41c6,4,0.16379142
08438e50-d88e-4815-a485-d7ccdb139170,4,0.154502769
317a8917-7d74-4609-8e5c-50dd8f7180e3,4,0.151566799
d30f4b62-14e5-428b-afb4-b3f5dbcccdfd,4,0.175316083
f12cc3cf-3e2f-4f0b-8611-c02b911e9a14,4,0.177892803
2d3ee301-2c3b-455a-861c-a81233f40554,4,0.145121768
3f368930-d591-4aa0-ac76-cc5c729aebd2,4,0.151372739
8ae6057a-1ae7-4b84-bc92-373374f96945,4,0.145880048
4566d0be-c456-4f1d-87a0-ccf2cde3692d,4,0.149923795
b1a3ba1a-9e27-4296-8841-67971016b6f0,4,0.163460159
1434c18f-01ab-456d-84b7-d5a9c95968f4,4,0.12034736
92f601cc-1cb8-401e-9b4e-2c6b81603ec4,4,0.121916061
34535b77-12ed-4820-a08a-7f3e686fbf89,4,0.121228471
ab4f221b-f2ab-4b89-a6fa-0443a6352c80,4,0.157518835
7e1d8906-e8bd-4ba4-af38-e0667a5e27bd,4,0.122956299
a08e8e70-e940-4f0b-b670-f8c812330e32,4,0.103544051
ef1c9382-272d-49e3-b8de-3e9a5a75a467,4,0.104740853
7439b5a1-0df5-497c-9ae5-8a2350bea788,4,0.111232553
59e72643-dc0f-4516-a50f-85baf4493b5a,4,0.130118555
88944766-a8c0-4957-a934-a67867b0e329,4,0.115900543
37c57bed-ec21-48f6-8788-1c5358b5286a,4,0.096949793
36b68b85-da63-4285-b0bc-2ba8ba3896a4,4,0.09777713
e240ff41-cac0-41c3-b9ff-805a5069c6d7,4,0.102458689
29579d89-8ee7-4fe8-aab4-13c9d8f25a24,4,0.113345708
5a738d1e-d581-471d-9a63-8822b9a14cfe,5,0.032238831
bc106408-0d88-4ddd-a642-fb5e65181f99,5,0.038638873
85a727f9-0d2e-4bfa-9599-323dfb34aa09,5,0.035911168
d66076f6-49e6-49e6-ba09-03a0116e6c1c,5,0.031868799
339f3527-b4f7-46d8-a27f-9519c392d90b,5,0.041458679
fa3a0ebb-6476-4c0d-beac-099510593b0d,5,0.037649561
bf00db09-537c-42ec-87c0-384a4762f06f,5,0.041042837
eef403bb-d786-4ba8-8fca-1f152ba95567,5,0.043342953
cadc8215-1a4f-4a5c-bd69-07730bfc1bbb,5,0.042995394
00f7b3bb-6ef6-487c-b144-2658e3e4d3ad,5,0.044045301
19503cde-f499-43be-bd35-a086c08e1856,5,0.045568228
42aaff82-fba3-49f1-91a2-b76f0911c71a,5,0.042203025
51d744b6-4c7d-4c99-bb95-32f8e09d96fc,5,0.061502697
a61778fe-6165-45f3-853b-20c6696a6239,5,0.050049343
bcbb4cdc-c13f-42a1-ac52-2ac8c6b3bc6c,5,0.048909493
685eee87-0d03-4ac6-aab6-0b1c92206e39,5,0.062138458
5b4a8c2d-0df5-4bcd-837e-4840b0339245,5,0.05506643
98fc950b-41b1-42fb-a48e-6d9d7fe04d14,5,0.063624366
e21bb06a-cd62-4bba-beb5-856a9d7eac5d,5,0.06437656
b32ced97-96eb-4ec2-8751-3a17c04ae9bb,5,0.068468764
d0d15d78-bc31-4abe-907e-2ece1839f14f,5,0.035435071
7daa3e63-6a36-4799-a681-05ecc5c7f789,5,0.047930085
2d668f29-a646-4c73-87a4-0c02f47cfda8,5,0.046180187
2e85e2a5-2393-4df3-b461-aba436ba38db,5,0.044642721
039cee86-c80e-4cac-b9bf-6c75ea050d57,5,0.043047994
4ef04d83-f82a-4ad8-8de9-5e0409f521b3,5,0.020515522
225a95b4-8e0e-4603-bae8-5aaba1baf8c1,5,0.025026285
5eb9c847-0b34-4fe3-9df1-1505de3e5138,5,0.027905962
62b6f3ae-58b1-4c7f-917a-2f2c269997a5,5,0.025367036
81406eca-87f1-40c8-bcf0-1a09b5596070,5,0.009582465
214da729-6d76-4350-a32f-7b4b48c8204c,5,0.010523069
07e477e7-2d1e-4cf3-95b8-a4dac4399f69,5,0.018328547
5aa54622-e060-4f03-af51-5d76908a1a31,5,0.015057391
d91950d0-b38d-45d5-ad20-60f57351eccf,5,0.017185886
efa24b30-f2a9-4c99-a13e-b7397d9a4834,5,0.008055138
d66b90fd-368b-40ee-8031-b813859b8868,5,0.012765333
697d8073-aae9-41da-bbc3-36afe5b1ea9b,5,0.012370536
70a01662-9572-4d77-846a-fea05d67c44e,5,0.015687574
90f0b712-bb68-47e8-8d0c-0f26b4e84097,5,0.008186359
a5d2cce9-d661-4cdd-90ae-cb8a6a4eae0f,5,0.006352146
941d70bf-6959-4322-abc7-39ae6cf13588,5,0.004732782
6716bf6e-f45c-42be-8db9-3df855bb6b69,5,0.004254461
09e92eff-2487-465d-b773-45244e925ead,5,0.00752028
36d309da-ee37-4fe2-addb-fb6682ea0ab9,5,0.010991403
06362b34-26e0-4534-949c-e565ebd3750f,5,0.007042923
b4f03e55-6506-4949-9707-a15ca5a766ea,5,0.00976725
6b5db1d2-cc64-420e-b733-751cba13d809,5,0.016680734
1df11359-0842-4813-b2d7-235c9c17c193,5,0.013328181
8fe69a2a-d63f-49c5-93f3-65960c1f8a38,5,0.01143778
3e0ad01c-274e-46c8-abb5-a8049b54606f,5,0.011858014
e2d9fc96-2734-4581-82c6-a4bd2c3d2f2a,5,0.010058882
c4a7892c-990e-48aa-87a7-e50021bb4d75,5,0.016980598
72eccefc-f612-48d6-aa6f-852ae829cfce,5,0.009615179
58d6a8f4-6ae4-44e4-b82d-786c11524d0d,5,0.014636109
3361e3dc-64d7-4cbc-9a83-e00f23272445,5,0.010737484
6f427029-c37f-4786-8591-1d60895b39a0,5,0.021305292
c6b4f5c6-a11e-4635-9f5e-84c79544c673,5,0.025131328
2d2cfa4c-9093-4be7-abcf-b028244e3a7b,5,0.017106427
63e91384-4cc0-4465-8dfa-f013afb81b47,5,0.012869639
a2623ddb-e116-4639-9d2c-1625785a2fdb,5,0.008142343
c916d292-ccda-4684-85f9-5e8ddca5a81b,5,0.009959099
43b5cca8-b687-4574-8932-e85f9ebfa6c0,5,0.010558706
930c6cfb-046c-486d-9689-e7595c344b5a,5,0.005520882
b31383b1-3c02-45dd-baea-603d272ca9ad,5,0.007169129
92b08566-54b5-4b16-bf34-555968b9394e,5,0.008755979
2c4b7f55-c19e-4abe-b738-d0eb3e5d6901,5,0.00945484
fa08641c-bd01-46b9-be5e-cbf82446d7a6,5,0.007614502
3ecfbe89-52b9-4718-9523-3fe49d24f15e,5,0.005774905
54ab9c95-c087-4cc0-81ea-6290b40ed9d0,5,0.009941947
8bd361b9-1f4c-4ad4-82c5-0ef921de4252,5,0.008461327
fcb8691b-8e9f-47bc-8f76-b3c732abf483,5,0.006884668
95641bd2-d55a-4bbe-ade9-f211ff3a86e4,5,0.012542892
f4e0f1a6-b0f2-49fd-950f-6d504bac5c41,5,0.007923011
aea27ff3-e45c-4ee9-9df3-69ca854ba732,5,0.008414855
461f207c-065f-4950-a0ba-481b64e8f42e,5,0.013712513
1d563ff9-b4c8-4672-af07-f33fbf29918d,5,0.014803452
e317f327-a38d-41d1-91ab-4821688d97da,5,0.013698822
1175ed9b-5a28-4b34-9ffc-57974b9294e0,5,0.006238233
25eb3cdf-ee4a-4f6a-a5a8-cf05fa543a2b,5,0.010316074
7867d2c5-4e22-4528-9096-ee497daab68a,5,0.010166958
33bd6463-a532-426c-9363-4c56a1eccc04,5,0.014023038
387967e7-be30-40af-a0bb-6d3547ecb017,5,0.006583975
54c2c752-8ee6-4a5f-9ff1-9364021292d5,5,0.021717204
68c6ac79-9440-4a4e-9f72-dbef698fa436,5,0.016151445
ee66fdec-b4bd-43e8-af14-158932d5210e,5,0.043842901
0f0af6c2-c8cf-466a-a434-2c98630364d5,5,0.032827415
4d687546-3746-48cb-a544-8d84f659c7aa,5,0.046726224
a32416f4-b83a-4d40-af46-9c30362e5abe,5,0.024422207
b5252358-fb5a-4077-b9c6-c6445282bcb4,5,0.039310113
478e3855-940d-4dc5-bd8c-93670d3cce2b,5,0.048827047
69808a4c-88bd-44ac-ba09-fcbac8ac5060,5,0.045028388
4f9ff899-60bd-4e51-9b93-3c6779f6af0f,5,0.046790761
63a9cc74-a33a-4069-9bae-a8ec169a1ef7,5,0.061181606
be53a5c7-3854-4b8e-b40d-69d876ec8ffb,5,0.0413225
d569f3d1-3d42-4d37-958c-68fd6040a0df,5,0.056231675
fe688591-ebfd-4b99-9674-8fecd61d029c,5,0.041613537
dd9db18d-aa14-4047-8f8b-781f62080529,5,0.047003614
c9edf67c-77e0-4883-8bc8-2bb098b19b9f,5,0.047467766
52e8a58a-cb72-4066-b533-0344a45d60b5,5,0.055994656
28051c79-d32e-4438-b6e4-f3acd9b4a23f,5,0.070640795
dd835392-0bb6-4d09-8430-cd09ef33b374,5,0.053697423
ec8bdb62-6d9e-4117-8bb1-a7b372ba2ad0,5,0.059152315
fd6f459f-40b5-455f-a177-70fecce28090,5,0.0562581
c85e2d9d-9e85-404c-a6fd-2228a646c9bb,5,0.074312339
317a8917-7d74-4609-8e5c-50dd8f7180e3,5,0.051035791
f90eec9f-3ec3-4b33-b71c-7fc1736e41c6,5,0.055276659
d30f4b62-14e5-428b-afb4-b3f5dbcccdfd,5,0.057522035
08438e50-d88e-4815-a485-d7ccdb139170,5,0.058949915
2d3ee301-2c3b-455a-861c-a81233f40554,5,0.055497471
f12cc3cf-3e2f-4f0b-8611-c02b911e9a14,5,0.061755821
4566d0be-c456-4f1d-87a0-ccf2cde3692d,5,0.053115322
8ae6057a-1ae7-4b84-bc92-373374f96945,5,0.058005701
3f368930-d591-4aa0-ac76-cc5c729aebd2,5,0.059504615
1434c18f-01ab-456d-84b7-d5a9c95968f4,5,0.052102025
b1a3ba1a-9e27-4296-8841-67971016b6f0,5,0.063113677
ab4f221b-f2ab-4b89-a6fa-0443a6352c80,5,0.053572258
34535b77-12ed-4820-a08a-7f3e686fbf89,5,0.056688795
a08e8e70-e940-4f0b-b670-f8c812330e32,5,0.051973346
7e1d8906-e8bd-4ba4-af38-e0667a5e27bd,5,0.058568051
92f601cc-1cb8-401e-9b4e-2c6b81603ec4,5,0.062951957
ef1c9382-272d-49e3-b8de-3e9a5a75a467,5,0.053593285
59e72643-dc0f-4516-a50f-85baf4493b5a,5,0.053736299
88944766-a8c0-4957-a934-a67867b0e329,5,0.055419021
7439b5a1-0df5-497c-9ae5-8a2350bea788,5,0.059638067
37c57bed-ec21-48f6-8788-1c5358b5286a,5,0.051807467
29579d89-8ee7-4fe8-aab4-13c9d8f25a24,5,0.055703406
36b68b85-da63-4285-b0bc-2ba8ba3896a4,5,0.052407148
e240ff41-cac0-41c3-b9ff-805a5069c6d7,5,0.06066357
d66076f6-49e6-49e6-ba09-03a0116e6c1c,6,0.013161885
339f3527-b4f7-46d8-a27f-9519c392d90b,6,0.006836327
5a738d1e-d581-471d-9a63-8822b9a14cfe,6,0.022107072
bc106408-0d88-4ddd-a642-fb5e65181f99,6,0.022785263
85a727f9-0d2e-4bfa-9599-323dfb34aa09,6,0.022456309
eef403bb-d786-4ba8-8fca-1f152ba95567,6,0.011295695
00f7b3bb-6ef6-487c-b144-2658e3e4d3ad,6,0.00764101
fa3a0ebb-6476-4c0d-beac-099510593b0d,6,0.016958317
cadc8215-1a4f-4a5c-bd69-07730bfc1bbb,6,0.014215934
bf00db09-537c-42ec-87c0-384a4762f06f,6,0.018248858
19503cde-f499-43be-bd35-a086c08e1856,6,0.006513561
42aaff82-fba3-49f1-91a2-b76f0911c71a,6,0.00501082
a61778fe-6165-45f3-853b-20c6696a6239,6,0.005905115
bcbb4cdc-c13f-42a1-ac52-2ac8c6b3bc6c,6,0.007131057
51d744b6-4c7d-4c99-bb95-32f8e09d96fc,6,0.009086577
98fc950b-41b1-42fb-a48e-6d9d7fe04d14,6,0.014659486
685eee87-0d03-4ac6-aab6-0b1c92206e39,6,0.020386022
5b4a8c2d-0df5-4bcd-837e-4840b0339245,6,0.019813191
b32ced97-96eb-4ec2-8751-3a17c04ae9bb,6,0.009236642
e21bb06a-cd62-4bba-beb5-856a9d7eac5d,6,0.025203491
7daa3e63-6a36-4799-a681-05ecc5c7f789,6,0.009658696
2d668f29-a646-4c73-87a4-0c02f47cfda8,6,0.027565827
039cee86-c80e-4cac-b9bf-6c75ea050d57,6,0.028969439
d0d15d78-bc31-4abe-907e-2ece1839f14f,6,0.035548031
2e85e2a5-2393-4df3-b461-aba436ba38db,6,0.031568142
5eb9c847-0b34-4fe3-9df1-1505de3e5138,6,0.011584331
62b6f3ae-58b1-4c7f-917a-2f2c269997a5,6,0.010536423
225a95b4-8e0e-4603-bae8-5aaba1baf8c1,6,0.015915143
4ef04d83-f82a-4ad8-8de9-5e0409f521b3,6,0.017712536
07e477e7-2d1e-4cf3-95b8-a4dac4399f69,6,0.007951544
214da729-6d76-4350-a32f-7b4b48c8204c,6,0.012168766
81406eca-87f1-40c8-bcf0-1a09b5596070,6,0.01513168
5aa54622-e060-4f03-af51-5d76908a1a31,6,0.014310626
d91950d0-b38d-45d5-ad20-60f57351eccf,6,0.013913372
697d8073-aae9-41da-bbc3-36afe5b1ea9b,6,0.01014206
d66b90fd-368b-40ee-8031-b813859b8868,6,0.01416318
70a01662-9572-4d77-846a-fea05d67c44e,6,0.01336268
efa24b30-f2a9-4c99-a13e-b7397d9a4834,6,0.018383613
90f0b712-bb68-47e8-8d0c-0f26b4e84097,6,0.010830623
a5d2cce9-d661-4cdd-90ae-cb8a6a4eae0f,6,0.006957994
09e92eff-2487-465d-b773-45244e925ead,6,0.005685183
6716bf6e-f45c-42be-8db9-3df855bb6b69,6,0.008153956
941d70bf-6959-4322-abc7-39ae6cf13588,6,0.013427785
36d309da-ee37-4fe2-addb-fb6682ea0ab9,6,0.008154639
b4f03e55-6506-4949-9707-a15ca5a766ea,6,0.004564196
1df11359-0842-4813-b2d7-235c9c17c193,6,0.007224877
6b5db1d2-cc64-420e-b733-751cba13d809,6,0.008943345
8fe69a2a-d63f-49c5-93f3-65960c1f8a38,6,0.010844192
06362b34-26e0-4534-949c-e565ebd3750f,6,0.020023761
c4a7892c-990e-48aa-87a7-e50021bb4d75,6,0.010197454
72eccefc-f612-48d6-aa6f-852ae829cfce,6,0.007618017
58d6a8f4-6ae4-44e4-b82d-786c11524d0d,6,0.007263833
e2d9fc96-2734-4581-82c6-a4bd2c3d2f2a,6,0.019593114
3e0ad01c-274e-46c8-abb5-a8049b54606f,6,0.022795116
c6b4f5c6-a11e-4635-9f5e-84c79544c673,6,0.010804942
6f427029-c37f-4786-8591-1d60895b39a0,6,0.017750525
3361e3dc-64d7-4cbc-9a83-e00f23272445,6,0.0209444
2d2cfa4c-9093-4be7-abcf-b028244e3a7b,6,0.0187456
63e91384-4cc0-4465-8dfa-f013afb81b47,6,0.017366812
a2623ddb-e116-4639-9d2c-1625785a2fdb,6,0.011263253
930c6cfb-046c-486d-9689-e7595c344b5a,6,0.010094481
43b5cca8-b687-4574-8932-e85f9ebfa6c0,6,0.016905034
c916d292-ccda-4684-85f9-5e8ddca5a81b,6,0.021977839
b31383b1-3c02-45dd-baea-603d272ca9ad,6,0.01036891
92b08566-54b5-4b16-bf34-555968b9394e,6,0.015938805
2c4b7f55-c19e-4abe-b738-d0eb3e5d6901,6,0.018140354
3ecfbe89-52b9-4718-9523-3fe49d24f15e,6,0.011764522
54ab9c95-c087-4cc0-81ea-6290b40ed9d0,6,0.010658554
fa08641c-bd01-46b9-be5e-cbf82446d7a6,6,0.022659696
8bd361b9-1f4c-4ad4-82c5-0ef921de4252,6,0.019458455
fcb8691b-8e9f-47bc-8f76-b3c732abf483,6,0.026107168
95641bd2-d55a-4bbe-ade9-f211ff3a86e4,6,0.026453909
aea27ff3-e45c-4ee9-9df3-69ca854ba732,6,0.019336199
f4e0f1a6-b0f2-49fd-950f-6d504bac5c41,6,0.022632827
e317f327-a38d-41d1-91ab-4821688d97da,6,0.027751753
461f207c-065f-4950-a0ba-481b64e8f42e,6,0.033886391
1d563ff9-b4c8-4672-af07-f33fbf29918d,6,0.039160354
1175ed9b-5a28-4b34-9ffc-57974b9294e0,6,0.032320478
25eb3cdf-ee4a-4f6a-a5a8-cf05fa543a2b,6,0.015163235
7867d2c5-4e22-4528-9096-ee497daab68a,6,0.014199523
387967e7-be30-40af-a0bb-6d3547ecb017,6,0.014444137
33bd6463-a532-426c-9363-4c56a1eccc04,6,0.02622602
54c2c752-8ee6-4a5f-9ff1-9364021292d5,6,0.016034763
68c6ac79-9440-4a4e-9f72-dbef698fa436,6,0.011204114
ee66fdec-b4bd-43e8-af14-158932d5210e,6,0.015087775
0f0af6c2-c8cf-466a-a434-2c98630364d5,6,0.039600991
a32416f4-b83a-4d40-af46-9c30362e5abe,6,0.041922325
478e3855-940d-4dc5-bd8c-93670d3cce2b,6,0.03394866
b5252358-fb5a-4077-b9c6-c6445282bcb4,6,0.040671889
4d687546-3746-48cb-a544-8d84f659c7aa,6,0.059153752
69808a4c-88bd-44ac-ba09-fcbac8ac5060,6,0.056111731
d569f3d1-3d42-4d37-958c-68fd6040a0df,6,0.043503337
63a9cc74-a33a-4069-9bae-a8ec169a1ef7,6,0.05274642
4f9ff899-60bd-4e51-9b93-3c6779f6af0f,6,0.062893152
be53a5c7-3854-4b8e-b40d-69d876ec8ffb,6,0.051563286
52e8a58a-cb72-4066-b533-0344a45d60b5,6,0.044034256
fe688591-ebfd-4b99-9674-8fecd61d029c,6,0.062393977
dd9db18d-aa14-4047-8f8b-781f62080529,6,0.058849625
c9edf67c-77e0-4883-8bc8-2bb098b19b9f,6,0.054567601
28051c79-d32e-4438-b6e4-f3acd9b4a23f,6,0.047012724
fd6f459f-40b5-455f-a177-70fecce28090,6,0.047113936
dd835392-0bb6-4d09-8430-cd09ef33b374,6,0.050024237
ec8bdb62-6d9e-4117-8bb1-a7b372ba2ad0,6,0.05215482
317a8917-7d74-4609-8e5c-50dd8f7180e3,6,0.052606839
f90eec9f-3ec3-4b33-b71c-7fc1736e41c6,6,0.056746949
d30f4b62-14e5-428b-afb4-b3f5dbcccdfd,6,0.056179457
08438e50-d88e-4815-a485-d7ccdb139170,6,0.0555279
c85e2d9d-9e85-404c-a6fd-2228a646c9bb,6,0.062672509
2d3ee301-2c3b-455a-861c-a81233f40554,6,0.060090477
8ae6057a-1ae7-4b84-bc92-373374f96945,6,0.056951178
f12cc3cf-3e2f-4f0b-8611-c02b911e9a14,6,0.062144776
3f368930-d591-4aa0-ac76-cc5c729aebd2,6,0.060165893
4566d0be-c456-4f1d-87a0-ccf2cde3692d,6,0.059713608
ab4f221b-f2ab-4b89-a6fa-0443a6352c80,6,0.061628053
a08e8e70-e940-4f0b-b670-f8c812330e32,6,0.061747199
34535b77-12ed-4820-a08a-7f3e686fbf89,6,0.066904135
b1a3ba1a-9e27-4296-8841-67971016b6f0,6,0.070258735
1434c18f-01ab-456d-84b7-d5a9c95968f4,6,0.073801066
7e1d8906-e8bd-4ba4-af38-e0667a5e27bd,6,0.082502254
92f601cc-1cb8-401e-9b4e-2c6b81603ec4,6,0.080074975
7439b5a1-0df5-497c-9ae5-8a2350bea788,6,0.077407827
29579d89-8ee7-4fe8-aab4-13c9d8f25a24,6,0.08586169
37c57bed-ec21-48f6-8788-1c5358b5286a,6,0.088307868
88944766-a8c0-4957-a934-a67867b0e329,6,0.092466206
59e72643-dc0f-4516-a50f-85baf4493b5a,6,0.096828661
ef1c9382-272d-49e3-b8de-3e9a5a75a467,6,0.095507303
36b68b85-da63-4285-b0bc-2ba8ba3896a4,6,0.087238054
e240ff41-cac0-41c3-b9ff-805a5069c6d7,6,0.087703204
d66076f6-49e6-49e6-ba09-03a0116e6c1c,7,0.007430733
5a738d1e-d581-471d-9a63-8822b9a14cfe,7,0.006519847
bc106408-0d88-4ddd-a642-fb5e65181f99,7,0.00810133
339f3527-b4f7-46d8-a27f-9519c392d90b,7,0.01212973
85a727f9-0d2e-4bfa-9599-323dfb34aa09,7,0.009653642
eef403bb-d786-4ba8-8fca-1f152ba95567,7,0.006382109
fa3a0ebb-6476-4c0d-beac-099510593b0d,7,0.008874467
bf00db09-537c-42ec-87c0-384a4762f06f,7,0.008888277
cadc8215-1a4f-4a5c-bd69-07730bfc1bbb,7,0.012272922
00f7b3bb-6ef6-487c-b144-2658e3e4d3ad,7,0.016400437
42aaff82-fba3-49f1-91a2-b76f0911c71a,7,0.021367358
a61778fe-6165-45f3-853b-20c6696a6239,7,0.021136857
bcbb4cdc-c13f-42a1-ac52-2ac8c6b3bc6c,7,0.02041996
51d744b6-4c7d-4c99-bb95-32f8e09d96fc,7,0.018717128
19503cde-f499-43be-bd35-a086c08e1856,7,0.029391105
685eee87-0d03-4ac6-aab6-0b1c92206e39,7,0.005690737
5b4a8c2d-0df5-4bcd-837e-4840b0339245,7,0.006711664
98fc950b-41b1-42fb-a48e-6d9d7fe04d14,7,0.011355806
b32ced97-96eb-4ec2-8751-3a17c04ae9bb,7,0.004637971
e21bb06a-cd62-4bba-beb5-856a9d7eac5d,7,0.005695128
7daa3e63-6a36-4799-a681-05ecc5c7f789,7,0.004280274
039cee86-c80e-4cac-b9bf-6c75ea050d57,7,0.004931581
d0d15d78-bc31-4abe-907e-2ece1839f14f,7,0.006102311
2e85e2a5-2393-4df3-b461-aba436ba38db,7,0.00784999
2d668f29-a646-4c73-87a4-0c02f47cfda8,7,0.012658106
62b6f3ae-58b1-4c7f-917a-2f2c269997a5,7,0.008402814
225a95b4-8e0e-4603-bae8-5aaba1baf8c1,7,0.00821987
5eb9c847-0b34-4fe3-9df1-1505de3e5138,7,0.012371437
4ef04d83-f82a-4ad8-8de9-5e0409f521b3,7,0.010833535
07e477e7-2d1e-4cf3-95b8-a4dac4399f69,7,0.010814124
214da729-6d76-4350-a32f-7b4b48c8204c,7,0.008516326
81406eca-87f1-40c8-bcf0-1a09b5596070,7,0.007939934
d91950d0-b38d-45d5-ad20-60f57351eccf,7,0.008438814
5aa54622-e060-4f03-af51-5d76908a1a31,7,0.010063836
70a01662-9572-4d77-846a-fea05d67c44e,7,0.007113928
d66b90fd-368b-40ee-8031-b813859b8868,7,0.009781684
efa24b30-f2a9-4c99-a13e-b7397d9a4834,7,0.010268578
90f0b712-bb68-47e8-8d0c-0f26b4e84097,7,0.011583784
697d8073-aae9-41da-bbc3-36afe5b1ea9b,7,0.017716475
a5d2cce9-d661-4cdd-90ae-cb8a6a4eae0f,7,0.008343835
09e92eff-2487-465d-b773-45244e925ead,7,0.012475243
941d70bf-6959-4322-abc7-39ae6cf13588,7,0.011481753
6716bf6e-f45c-42be-8db9-3df855bb6b69,7,0.0136034
36d309da-ee37-4fe2-addb-fb6682ea0ab9,7,0.013691513
b4f03e55-6506-4949-9707-a15ca5a766ea,7,0.0076162
6b5db1d2-cc64-420e-b733-751cba13d809,7,0.007645795
8fe69a2a-d63f-49c5-93f3-65960c1f8a38,7,0.007938024
1df11359-0842-4813-b2d7-235c9c17c193,7,0.01579004
06362b34-26e0-4534-949c-e565ebd3750f,7,0.01134824
e2d9fc96-2734-4581-82c6-a4bd2c3d2f2a,7,0.01248159
3e0ad01c-274e-46c8-abb5-a8049b54606f,7,0.015810333
c4a7892c-990e-48aa-87a7-e50021bb4d75,7,0.025980557
72eccefc-f612-48d6-aa6f-852ae829cfce,7,0.026001893
58d6a8f4-6ae4-44e4-b82d-786c11524d0d,7,0.025194355
c6b4f5c6-a11e-4635-9f5e-84c79544c673,7,0.011119738
6f427029-c37f-4786-8591-1d60895b39a0,7,0.007991987
3361e3dc-64d7-4cbc-9a83-e00f23272445,7,0.00850435
2d2cfa4c-9093-4be7-abcf-b028244e3a7b,7,0.011551057
63e91384-4cc0-4465-8dfa-f013afb81b47,7,0.011135153
a2623ddb-e116-4639-9d2c-1625785a2fdb,7,0.005453095
930c6cfb-046c-486d-9689-e7595c344b5a,7,0.007630845
43b5cca8-b687-4574-8932-e85f9ebfa6c0,7,0.006480114
c916d292-ccda-4684-85f9-5e8ddca5a81b,7,0.010011448
b31383b1-3c02-45dd-baea-603d272ca9ad,7,0.00736378
2c4b7f55-c19e-4abe-b738-d0eb3e5d6901,7,0.009043667
92b08566-54b5-4b16-bf34-555968b9394e,7,0.014444313
3ecfbe89-52b9-4718-9523-3fe49d24f15e,7,0.012309389
54ab9c95-c087-4cc0-81ea-6290b40ed9d0,7,0.008906227
fa08641c-bd01-46b9-be5e-cbf82446d7a6,7,0.013471108
8bd361b9-1f4c-4ad4-82c5-0ef921de4252,7,0.009933479
fcb8691b-8e9f-47bc-8f76-b3c732abf483,7,0.011046621
95641bd2-d55a-4bbe-ade9-f211ff3a86e4,7,0.022636876
f4e0f1a6-b0f2-49fd-950f-6d504bac5c41,7,0.026440353
aea27ff3-e45c-4ee9-9df3-69ca854ba732,7,0.030086938
1d563ff9-b4c8-4672-af07-f33fbf29918d,7,0.018554783
e317f327-a38d-41d1-91ab-4821688d97da,7,0.031276235
461f207c-065f-4950-a0ba-481b64e8f42e,7,0.030019698
1175ed9b-5a28-4b34-9ffc-57974b9294e0,7,0.023647669
25eb3cdf-ee4a-4f6a-a5a8-cf05fa543a2b,7,0.024006829
7867d2c5-4e22-4528-9096-ee497daab68a,7,0.009687941
33bd6463-a532-426c-9363-4c56a1eccc04,7,0.012333037
387967e7-be30-40af-a0bb-6d3547ecb017,7,0.016819426
54c2c752-8ee6-4a5f-9ff1-9364021292d5,7,0.011117822
68c6ac79-9440-4a4e-9f72-dbef698fa436,7,0.014476178
ee66fdec-b4bd-43e8-af14-158932d5210e,7,0.011011228
0f0af6c2-c8cf-466a-a434-2c98630364d5,7,0.056429969
a32416f4-b83a-4d40-af46-9c30362e5abe,7,0.071391808
478e3855-940d-4dc5-bd8c-93670d3cce2b,7,0.06895287
b5252358-fb5a-4077-b9c6-c6445282bcb4,7,0.067079876
4d687546-3746-48cb-a544-8d84f659c7aa,7,0.088104738
69808a4c-88bd-44ac-ba09-fcbac8ac5060,7,0.076219852
63a9cc74-a33a-4069-9bae-a8ec169a1ef7,7,0.106721414
d569f3d1-3d42-4d37-958c-68fd6040a0df,7,0.117015272
be53a5c7-3854-4b8e-b40d-69d876ec8ffb,7,0.113936798
4f9ff899-60bd-4e51-9b93-3c6779f6af0f,7,0.129566963
52e8a58a-cb72-4066-b533-0344a45d60b5,7,0.127441016
c9edf67c-77e0-4883-8bc8-2bb098b19b9f,7,0.163534254
28051c79-d32e-4438-b6e4-f3acd9b4a23f,7,0.163391445
dd9db18d-aa14-4047-8f8b-781f62080529,7,0.169912657
fe688591-ebfd-4b99-9674-8fecd61d029c,7,0.177845713
fd6f459f-40b5-455f-a177-70fecce28090,7,0.178758971
f90eec9f-3ec3-4b33-b71c-7fc1736e41c6,7,0.208009855
ec8bdb62-6d9e-4117-8bb1-a7b372ba2ad0,7,0.217592365
317a8917-7d74-4609-8e5c-50dd8f7180e3,7,0.216414835
dd835392-0bb6-4d09-8430-cd09ef33b374,7,0.225433812
d30f4b62-14e5-428b-afb4-b3f5dbcccdfd,7,0.216741983
08438e50-d88e-4815-a485-d7ccdb139170,7,0.26009043
8ae6057a-1ae7-4b84-bc92-373374f96945,7,0.247790133
2d3ee301-2c3b-455a-861c-a81233f40554,7,0.2518538
c85e2d9d-9e85-404c-a6fd-2228a646c9bb,7,0.275210791
f12cc3cf-3e2f-4f0b-8611-c02b911e9a14,7,0.279796442
ab4f221b-f2ab-4b89-a6fa-0443a6352c80,7,0.280909555
4566d0be-c456-4f1d-87a0-ccf2cde3692d,7,0.29986661
a08e8e70-e940-4f0b-b670-f8c812330e32,7,0.301520474
3f368930-d591-4aa0-ac76-cc5c729aebd2,7,0.316162231
34535b77-12ed-4820-a08a-7f3e686fbf89,7,0.307809163
b1a3ba1a-9e27-4296-8841-67971016b6f0,7,0.325862831
1434c18f-01ab-456d-84b7-d5a9c95968f4,7,0.331069197
7439b5a1-0df5-497c-9ae5-8a2350bea788,7,0.320896231
7e1d8906-e8bd-4ba4-af38-e0667a5e27bd,7,0.328428971
92f601cc-1cb8-401e-9b4e-2c6b81603ec4,7,0.329436705
88944766-a8c0-4957-a934-a67867b0e329,7,0.337306337
37c57bed-ec21-48f6-8788-1c5358b5286a,7,0.342826787
59e72643-dc0f-4516-a50f-85baf4493b5a,7,0.343473288
ef1c9382-272d-49e3-b8de-3e9a5a75a467,7,0.353602732
36b68b85-da63-4285-b0bc-2ba8ba3896a4,7,0.360252833
e240ff41-cac0-41c3-b9ff-805a5069c6d7,7,0.368566049
29579d89-8ee7-4fe8-aab4-13c9d8f25a24,7,0.384214432
d66076f6-49e6-49e6-ba09-03a0116e6c1c,8,0.28148038
5a738d1e-d581-471d-9a63-8822b9a14cfe,8,0.286340326
bc106408-0d88-4ddd-a642-fb5e65181f99,8,0.287676124
339f3527-b4f7-46d8-a27f-9519c392d90b,8,0.33419432
eef403bb-d786-4ba8-8fca-1f152ba95567,8,0.331786211
85a727f9-0d2e-4bfa-9599-323dfb34aa09,8,0.34788865
fa3a0ebb-6476-4c0d-beac-099510593b0d,8,0.334901043
bf00db09-537c-42ec-87c0-384a4762f06f,8,0.334617196
42aaff82-fba3-49f1-91a2-b76f0911c71a,8,0.350217977
a61778fe-6165-45f3-853b-20c6696a6239,8,0.352441636
cadc8215-1a4f-4a5c-bd69-07730bfc1bbb,8,0.379315608
00f7b3bb-6ef6-487c-b144-2658e3e4d3ad,8,0.382586741
bcbb4cdc-c13f-42a1-ac52-2ac8c6b3bc6c,8,0.386448394
51d744b6-4c7d-4c99-bb95-32f8e09d96fc,8,0.404453719
685eee87-0d03-4ac6-aab6-0b1c92206e39,8,0.392725904
19503cde-f499-43be-bd35-a086c08e1856,8,0.411758984
5b4a8c2d-0df5-4bcd-837e-4840b0339245,8,0.403565662
98fc950b-41b1-42fb-a48e-6d9d7fe04d14,8,0.417866605
b32ced97-96eb-4ec2-8751-3a17c04ae9bb,8,0.417422436
7daa3e63-6a36-4799-a681-05ecc5c7f789,8,0.407880932
e21bb06a-cd62-4bba-beb5-856a9d7eac5d,8,0.418072477
039cee86-c80e-4cac-b9bf-6c75ea050d57,8,0.411621527
d0d15d78-bc31-4abe-907e-2ece1839f14f,8,0.419586194
2d668f29-a646-4c73-87a4-0c02f47cfda8,8,0.417660978
62b6f3ae-58b1-4c7f-917a-2f2c269997a5,8,0.409757747
2e85e2a5-2393-4df3-b461-aba436ba38db,8,0.43278061
5eb9c847-0b34-4fe3-9df1-1505de3e5138,8,0.416788732
4ef04d83-f82a-4ad8-8de9-5e0409f521b3,8,0.41701341
225a95b4-8e0e-4603-bae8-5aaba1baf8c1,8,0.422101136
214da729-6d76-4350-a32f-7b4b48c8204c,8,0.38813668
07e477e7-2d1e-4cf3-95b8-a4dac4399f69,8,0.392364456
70a01662-9572-4d77-846a-fea05d67c44e,8,0.373355135
5aa54622-e060-4f03-af51-5d76908a1a31,8,0.398070911
d91950d0-b38d-45d5-ad20-60f57351eccf,8,0.402934943
d66b90fd-368b-40ee-8031-b813859b8868,8,0.376344089
81406eca-87f1-40c8-bcf0-1a09b5596070,8,0.40935317
697d8073-aae9-41da-bbc3-36afe5b1ea9b,8,0.380112841
a5d2cce9-d661-4cdd-90ae-cb8a6a4eae0f,8,0.338421978
941d70bf-6959-4322-abc7-39ae6cf13588,8,0.325961634
efa24b30-f2a9-4c99-a13e-b7397d9a4834,8,0.391239247
90f0b712-bb68-47e8-8d0c-0f26b4e84097,8,0.387939258
b4f03e55-6506-4949-9707-a15ca5a766ea,8,0.305579769
09e92eff-2487-465d-b773-45244e925ead,8,0.344217607
36d309da-ee37-4fe2-addb-fb6682ea0ab9,8,0.340972639
6b5db1d2-cc64-420e-b733-751cba13d809,8,0.305695225
06362b34-26e0-4534-949c-e565ebd3750f,8,0.308859743
6716bf6e-f45c-42be-8db9-3df855bb6b69,8,0.356796382
8fe69a2a-d63f-49c5-93f3-65960c1f8a38,8,0.317528147
3e0ad01c-274e-46c8-abb5-a8049b54606f,8,0.261302902
1df11359-0842-4813-b2d7-235c9c17c193,8,0.320240143
e2d9fc96-2734-4581-82c6-a4bd2c3d2f2a,8,0.269282377
58d6a8f4-6ae4-44e4-b82d-786c11524d0d,8,0.264169803
c6b4f5c6-a11e-4635-9f5e-84c79544c673,8,0.236916713
6f427029-c37f-4786-8591-1d60895b39a0,8,0.236933456
72eccefc-f612-48d6-aa6f-852ae829cfce,8,0.276631667
c4a7892c-990e-48aa-87a7-e50021bb4d75,8,0.280289559
930c6cfb-046c-486d-9689-e7595c344b5a,8,0.220359027
3361e3dc-64d7-4cbc-9a83-e00f23272445,8,0.253621813
a2623ddb-e116-4639-9d2c-1625785a2fdb,8,0.240071435
2d2cfa4c-9093-4be7-abcf-b028244e3a7b,8,0.25334833
63e91384-4cc0-4465-8dfa-f013afb81b47,8,0.25410467
92b08566-54b5-4b16-bf34-555968b9394e,8,0.191444319
c916d292-ccda-4684-85f9-5e8ddca5a81b,8,0.223254805
b31383b1-3c02-45dd-baea-603d272ca9ad,8,0.223882263
43b5cca8-b687-4574-8932-e85f9ebfa6c0,8,0.242571263
2c4b7f55-c19e-4abe-b738-d0eb3e5d6901,8,0.196667064
54ab9c95-c087-4cc0-81ea-6290b40ed9d0,8,0.200589119
3ecfbe89-52b9-4718-9523-3fe49d24f15e,8,0.204208759
8bd361b9-1f4c-4ad4-82c5-0ef921de4252,8,0.167332586
fcb8691b-8e9f-47bc-8f76-b3c732abf483,8,0.156053429
fa08641c-bd01-46b9-be5e-cbf82446d7a6,8,0.204486143
aea27ff3-e45c-4ee9-9df3-69ca854ba732,8,0.139407237
f4e0f1a6-b0f2-49fd-950f-6d504bac5c41,8,0.143697983
95641bd2-d55a-4bbe-ade9-f211ff3a86e4,8,0.152848967
e317f327-a38d-41d1-91ab-4821688d97da,8,0.094969787
1d563ff9-b4c8-4672-af07-f33fbf29918d,8,0.104553761
25eb3cdf-ee4a-4f6a-a5a8-cf05fa543a2b,8,0.100012353
387967e7-be30-40af-a0bb-6d3547ecb017,8,0.085352114
461f207c-065f-4950-a0ba-481b64e8f42e,8,0.109568021
1175ed9b-5a28-4b34-9ffc-57974b9294e0,8,0.106028693
7867d2c5-4e22-4528-9096-ee497daab68a,8,0.103476225
33bd6463-a532-426c-9363-4c56a1eccc04,8,0.099508088
54c2c752-8ee6-4a5f-9ff1-9364021292d5,8,0.078758602
ee66fdec-b4bd-43e8-af14-158932d5210e,8,0.058751306
68c6ac79-9440-4a4e-9f72-dbef698fa436,8,0.068359969
0f0af6c2-c8cf-466a-a434-2c98630364d5,8,0.007953003
a32416f4-b83a-4d40-af46-9c30362e5abe,8,0.011282675
478e3855-940d-4dc5-bd8c-93670d3cce2b,8,0.011585717
b5252358-fb5a-4077-b9c6-c6445282bcb4,8,0.012368795
69808a4c-88bd-44ac-ba09-fcbac8ac5060,8,0.005018388
4d687546-3746-48cb-a544-8d84f659c7aa,8,0.010741694
63a9cc74-a33a-4069-9bae-a8ec169a1ef7,8,0.006440374
be53a5c7-3854-4b8e-b40d-69d876ec8ffb,8,0.004889733
d569f3d1-3d42-4d37-958c-68fd6040a0df,8,0.007964466
4f9ff899-60bd-4e51-9b93-3c6779f6af0f,8,0.007358541
52e8a58a-cb72-4066-b533-0344a45d60b5,8,0.007033923
28051c79-d32e-4438-b6e4-f3acd9b4a23f,8,0.006959604
dd9db18d-aa14-4047-8f8b-781f62080529,8,0.008422763
c9edf67c-77e0-4883-8bc8-2bb098b19b9f,8,0.013851294
fe688591-ebfd-4b99-9674-8fecd61d029c,8,0.006531038
fd6f459f-40b5-455f-a177-70fecce28090,8,0.005107098
ec8bdb62-6d9e-4117-8bb1-a7b372ba2ad0,8,0.009424934
317a8917-7d74-4609-8e5c-50dd8f7180e3,8,0.00948802
f90eec9f-3ec3-4b33-b71c-7fc1736e41c6,8,0.014984473
dd835392-0bb6-4d09-8430-cd09ef33b374,8,0.019852988
d30f4b62-14e5-428b-afb4-b3f5dbcccdfd,8,0.012600704
08438e50-d88e-4815-a485-d7ccdb139170,8,0.021098532
8ae6057a-1ae7-4b84-bc92-373374f96945,8,0.026136621
2d3ee301-2c3b-455a-861c-a81233f40554,8,0.025499992
c85e2d9d-9e85-404c-a6fd-2228a646c9bb,8,0.012844619
f12cc3cf-3e2f-4f0b-8611-c02b911e9a14,8,0.009251245
ab4f221b-f2ab-4b89-a6fa-0443a6352c80,8,0.008638133
4566d0be-c456-4f1d-87a0-ccf2cde3692d,8,0.01004391
3f368930-d591-4aa0-ac76-cc5c729aebd2,8,0.019068611
a08e8e70-e940-4f0b-b670-f8c812330e32,8,0.024105162
34535b77-12ed-4820-a08a-7f3e686fbf89,8,0.016892677
1434c18f-01ab-456d-84b7-d5a9c95968f4,8,0.008000974
b1a3ba1a-9e27-4296-8841-67971016b6f0,8,0.01529531
92f601cc-1cb8-401e-9b4e-2c6b81603ec4,8,0.029943166
7e1d8906-e8bd-4ba4-af38-e0667a5e27bd,8,0.032792368
7439b5a1-0df5-497c-9ae5-8a2350bea788,8,0.036510965
59e72643-dc0f-4516-a50f-85baf4493b5a,8,0.007926383
37c57bed-ec21-48f6-8788-1c5358b5286a,8,0.014205643
88944766-a8c0-4957-a934-a67867b0e329,8,0.021240369
36b68b85-da63-4285-b0bc-2ba8ba3896a4,8,0.008009888
ef1c9382-272d-49e3-b8de-3e9a5a75a467,8,0.014529488
e240ff41-cac0-41c3-b9ff-805a5069c6d7,8,0.009122483
d66076f6-49e6-49e6-ba09-03a0116e6c1c,9,0.009427386
29579d89-8ee7-4fe8-aab4-13c9d8f25a24,8,0.018558932
5a738d1e-d581-471d-9a63-8822b9a14cfe,9,0.011665116
bc106408-0d88-4ddd-a642-fb5e65181f99,9,0.013798214
339f3527-b4f7-46d8-a27f-9519c392d90b,9,0.010436609
eef403bb-d786-4ba8-8fca-1f152ba95567,9,0.02657137
85a727f9-0d2e-4bfa-9599-323dfb34aa09,9,0.024339248
bf00db09-537c-42ec-87c0-384a4762f06f,9,0.015565276
fa3a0ebb-6476-4c0d-beac-099510593b0d,9,0.017133415
42aaff82-fba3-49f1-91a2-b76f0911c71a,9,0.031746284
a61778fe-6165-45f3-853b-20c6696a6239,9,0.031408905
cadc8215-1a4f-4a5c-bd69-07730bfc1bbb,9,0.030976381
00f7b3bb-6ef6-487c-b144-2658e3e4d3ad,9,0.029348305
bcbb4cdc-c13f-42a1-ac52-2ac8c6b3bc6c,9,0.012785889
685eee87-0d03-4ac6-aab6-0b1c92206e39,9,0.029378002
5b4a8c2d-0df5-4bcd-837e-4840b0339245,9,0.019132186
51d744b6-4c7d-4c99-bb95-32f8e09d96fc,9,0.037837472
19503cde-f499-43be-bd35-a086c08e1856,9,0.032575014
e21bb06a-cd62-4bba-beb5-856a9d7eac5d,9,0.019626262
98fc950b-41b1-42fb-a48e-6d9d7fe04d14,9,0.026196582
b32ced97-96eb-4ec2-8751-3a17c04ae9bb,9,0.025705411
7daa3e63-6a36-4799-a681-05ecc5c7f789,9,0.029758966
039cee86-c80e-4cac-b9bf-6c75ea050d57,9,0.013553902
2d668f29-a646-4c73-87a4-0c02f47cfda8,9,0.012141225
d0d15d78-bc31-4abe-907e-2ece1839f14f,9,0.016565562
62b6f3ae-58b1-4c7f-917a-2f2c269997a5,9,0.007993149
2e85e2a5-2393-4df3-b461-aba436ba38db,9,0.008130691
214da729-6d76-4350-a32f-7b4b48c8204c,9,0.010125985
225a95b4-8e0e-4603-bae8-5aaba1baf8c1,9,0.013631152
07e477e7-2d1e-4cf3-95b8-a4dac4399f69,9,0.011267547
5eb9c847-0b34-4fe3-9df1-1505de3e5138,9,0.018701261
4ef04d83-f82a-4ad8-8de9-5e0409f521b3,9,0.01707493
5aa54622-e060-4f03-af51-5d76908a1a31,9,0.009254768
81406eca-87f1-40c8-bcf0-1a09b5596070,9,0.007763151
70a01662-9572-4d77-846a-fea05d67c44e,9,0.016575831
d91950d0-b38d-45d5-ad20-60f57351eccf,9,0.015361348
a5d2cce9-d661-4cdd-90ae-cb8a6a4eae0f,9,0.011350545
efa24b30-f2a9-4c99-a13e-b7397d9a4834,9,0.009569945
d66b90fd-368b-40ee-8031-b813859b8868,9,0.029703267
697d8073-aae9-41da-bbc3-36afe5b1ea9b,9,0.021291421
90f0b712-bb68-47e8-8d0c-0f26b4e84097,9,0.013227841
941d70bf-6959-4322-abc7-39ae6cf13588,9,0.018008184
b4f03e55-6506-4949-9707-a15ca5a766ea,9,0.008468366
6b5db1d2-cc64-420e-b733-751cba13d809,9,0.011151438
09e92eff-2487-465d-b773-45244e925ead,9,0.017260874
36d309da-ee37-4fe2-addb-fb6682ea0ab9,9,0.017069187
6716bf6e-f45c-42be-8db9-3df855bb6b69,9,0.021522498
e2d9fc96-2734-4581-82c6-a4bd2c3d2f2a,9,0.015511828
3e0ad01c-274e-46c8-abb5-a8049b54606f,9,0.02033296
8fe69a2a-d63f-49c5-93f3-65960c1f8a38,9,0.024511672
06362b34-26e0-4534-949c-e565ebd3750f,9,0.031064445
c6b4f5c6-a11e-4635-9f5e-84c79544c673,9,0.018257471
6f427029-c37f-4786-8591-1d60895b39a0,9,0.018613436
58d6a8f4-6ae4-44e4-b82d-786c11524d0d,9,0.024641646
1df11359-0842-4813-b2d7-235c9c17c193,9,0.030917476
72eccefc-f612-48d6-aa6f-852ae829cfce,9,0.017943609
930c6cfb-046c-486d-9689-e7595c344b5a,9,0.014293203
c4a7892c-990e-48aa-87a7-e50021bb4d75,9,0.021367043
a2623ddb-e116-4639-9d2c-1625785a2fdb,9,0.017643741
3361e3dc-64d7-4cbc-9a83-e00f23272445,9,0.020463574
63e91384-4cc0-4465-8dfa-f013afb81b47,9,0.019126463
2d2cfa4c-9093-4be7-abcf-b028244e3a7b,9,0.021732442
92b08566-54b5-4b16-bf34-555968b9394e,9,0.015875376
43b5cca8-b687-4574-8932-e85f9ebfa6c0,9,0.01246841
b31383b1-3c02-45dd-baea-603d272ca9ad,9,0.016243222
c916d292-ccda-4684-85f9-5e8ddca5a81b,9,0.027512001
3ecfbe89-52b9-4718-9523-3fe49d24f15e,9,0.010297794
2c4b7f55-c19e-4abe-b738-d0eb3e5d6901,9,0.024467238
54ab9c95-c087-4cc0-81ea-6290b40ed9d0,9,0.010523954
fa08641c-bd01-46b9-be5e-cbf82446d7a6,9,0.012628219
fcb8691b-8e9f-47bc-8f76-b3c732abf483,9,0.015981747
8bd361b9-1f4c-4ad4-82c5-0ef921de4252,9,0.018917484
f4e0f1a6-b0f2-49fd-950f-6d504bac5c41,9,0.024430024
e317f327-a38d-41d1-91ab-4821688d97da,9,0.021166037
aea27ff3-e45c-4ee9-9df3-69ca854ba732,9,0.029102797
25eb3cdf-ee4a-4f6a-a5a8-cf05fa543a2b,9,0.018480657
1d563ff9-b4c8-4672-af07-f33fbf29918d,9,0.024132184
95641bd2-d55a-4bbe-ade9-f211ff3a86e4,9,0.03036734
387967e7-be30-40af-a0bb-6d3547ecb017,9,0.016394536
7867d2c5-4e22-4528-9096-ee497daab68a,9,0.014090534
1175ed9b-5a28-4b34-9ffc-57974b9294e0,9,0.02048458
461f207c-065f-4950-a0ba-481b64e8f42e,9,0.023321375
ee66fdec-b4bd-43e8-af14-158932d5210e,9,0.010900298
54c2c752-8ee6-4a5f-9ff1-9364021292d5,9,0.013760489
68c6ac79-9440-4a4e-9f72-dbef698fa436,9,0.015064643
33bd6463-a532-426c-9363-4c56a1eccc04,9,0.019645485
0f0af6c2-c8cf-466a-a434-2c98630364d5,9,0.007289153
b5252358-fb5a-4077-b9c6-c6445282bcb4,9,0.014011655
a32416f4-b83a-4d40-af46-9c30362e5abe,9,0.01938427
478e3855-940d-4dc5-bd8c-93670d3cce2b,9,0.016729884
4d687546-3746-48cb-a544-8d84f659c7aa,9,0.007966876
69808a4c-88bd-44ac-ba09-fcbac8ac5060,9,0.010618705
63a9cc74-a33a-4069-9bae-a8ec169a1ef7,9,0.00896316
be53a5c7-3854-4b8e-b40d-69d876ec8ffb,9,0.014181669
d569f3d1-3d42-4d37-958c-68fd6040a0df,9,0.014347275
4f9ff899-60bd-4e51-9b93-3c6779f6af0f,9,0.006692118
52e8a58a-cb72-4066-b533-0344a45d60b5,9,0.00712377
dd9db18d-aa14-4047-8f8b-781f62080529,9,0.007575621
28051c79-d32e-4438-b6e4-f3acd9b4a23f,9,0.012734181
fe688591-ebfd-4b99-9674-8fecd61d029c,9,0.006682679
c9edf67c-77e0-4883-8bc8-2bb098b19b9f,9,0.011822536
fd6f459f-40b5-455f-a177-70fecce28090,9,0.005674781
f90eec9f-3ec3-4b33-b71c-7fc1736e41c6,9,0.00680557
ec8bdb62-6d9e-4117-8bb1-a7b372ba2ad0,9,0.014639678
317a8917-7d74-4609-8e5c-50dd8f7180e3,9,0.017197508
dd835392-0bb6-4d09-8430-cd09ef33b374,9,0.010344573
d30f4b62-14e5-428b-afb4-b3f5dbcccdfd,9,0.008594129
2d3ee301-2c3b-455a-861c-a81233f40554,9,0.015433523
08438e50-d88e-4815-a485-d7ccdb139170,9,0.027191032
c85e2d9d-9e85-404c-a6fd-2228a646c9bb,9,0.021521598
f12cc3cf-3e2f-4f0b-8611-c02b911e9a14,9,0.01268277
8ae6057a-1ae7-4b84-bc92-373374f96945,9,0.030430773
ab4f221b-f2ab-4b89-a6fa-0443a6352c80,9,0.026541099
4566d0be-c456-4f1d-87a0-ccf2cde3692d,9,0.016786773
34535b77-12ed-4820-a08a-7f3e686fbf89,9,0.006259196
3f368930-d591-4aa0-ac76-cc5c729aebd2,9,0.012034972
a08e8e70-e940-4f0b-b670-f8c812330e32,9,0.014534936
b1a3ba1a-9e27-4296-8841-67971016b6f0,9,0.018954815
1434c18f-01ab-456d-84b7-d5a9c95968f4,9,0.020529962
7e1d8906-e8bd-4ba4-af38-e0667a5e27bd,9,0.033715082
88944766-a8c0-4957-a934-a67867b0e329,9,0.017658148
59e72643-dc0f-4516-a50f-85baf4493b5a,9,0.024506436
7439b5a1-0df5-497c-9ae5-8a2350bea788,9,0.034262731
92f601cc-1cb8-401e-9b4e-2c6b81603ec4,9,0.038839186
e240ff41-cac0-41c3-b9ff-805a5069c6d7,9,0.010980098
36b68b85-da63-4285-b0bc-2ba8ba3896a4,9,0.028285433
37c57bed-ec21-48f6-8788-1c5358b5286a,9,0.043015889
ef1c9382-272d-49e3-b8de-3e9a5a75a467,9,0.027360023
29579d89-8ee7-4fe8-aab4-13c9d8f25a24,9,0.007026586
